mes,serie,fecha_cierre_esperada,ultima_fecha_disponible,fecha_cierre_usada,nivel_usado,sesiones_esperadas,observaciones_validas,faltantes_intrames,estado
2007-01,VIX,2007-01-31,2007-01-31,2007-01-31,10.42,20,20,0,ok
2007-01,PUT,2007-01-31,2007-01-31,2007-01-31,941.03,20,20,0,ok
2007-01,CNDR,2007-01-31,2007-01-31,2007-01-31,697.96,20,20,0,ok
2007-01,PPUT,2007-01-31,2007-01-31,2007-01-31,471.79,20,20,0,ok
2007-01,SPY,2007-01-31,2007-01-31,2007-01-31,100.4705013892,20,20,0,ok
2007-02,VIX,2007-02-28,2007-02-28,2007-02-28,15.42,19,19,0,ok
2007-02,PUT,2007-02-28,2007-02-28,2007-02-28,928.29,19,19,0,ok
2007-02,CNDR,2007-02-28,2007-02-28,2007-02-28,686.68,19,19,0,ok
2007-02,PPUT,2007-02-28,2007-02-28,2007-02-28,464.7,19,19,0,ok
2007-02,SPY,2007-02-28,2007-02-28,2007-02-28,98.4995273564,19,19,0,ok
2007-03,VIX,2007-03-30,2007-03-30,2007-03-30,14.64,22,22,0,ok
2007-03,PUT,2007-03-30,2007-03-30,2007-03-30,932.75,22,22,0,ok
2007-03,CNDR,2007-03-30,2007-03-30,2007-03-30,673.78,22,22,0,ok
2007-03,PPUT,2007-03-30,2007-03-30,2007-03-30,465.04,22,22,0,ok
2007-03,SPY,2007-03-30,2007-03-30,2007-03-30,99.6423299413,22,22,0,ok
2007-04,VIX,2007-04-30,2007-04-30,2007-04-30,14.22,20,20,0,ok
2007-04,PUT,2007-04-30,2007-04-30,2007-04-30,942.96,20,20,0,ok
2007-04,CNDR,2007-04-30,2007-04-30,2007-04-30,660.09,20,20,0,ok
2007-04,PPUT,2007-04-30,2007-04-30,2007-04-30,484.73,20,20,0,ok
2007-04,SPY,2007-04-30,2007-04-30,2007-04-30,104.0560592218,20,20,0,ok
2007-05,VIX,2007-05-31,2007-05-31,2007-05-31,13.05,22,22,0,ok
2007-05,PUT,2007-05-31,2007-05-31,2007-05-31,961.1,22,22,0,ok
2007-05,CNDR,2007-05-31,2007-05-31,2007-05-31,672.79,22,22,0,ok
2007-05,PPUT,2007-05-31,2007-05-31,2007-05-31,500.11,22,22,0,ok
2007-05,SPY,2007-05-31,2007-05-31,2007-05-31,107.5856529866,22,22,0,ok
2007-06,VIX,2007-06-29,2007-06-29,2007-06-29,16.23,21,21,0,ok
2007-06,PUT,2007-06-29,2007-06-29,2007-06-29,958.9,21,21,0,ok
2007-06,CNDR,2007-06-29,2007-06-29,2007-06-29,675.66,21,21,0,ok
2007-06,PPUT,2007-06-29,2007-06-29,2007-06-29,492.63,21,21,0,ok
2007-06,SPY,2007-06-29,2007-06-29,2007-06-29,106.0098157136,21,21,0,ok
2007-07,VIX,2007-07-31,2007-07-31,2007-07-31,23.52,21,21,0,ok
2007-07,PUT,2007-07-31,2007-07-31,2007-07-31,946.16,21,21,0,ok
2007-07,CNDR,2007-07-31,2007-07-31,2007-07-31,672.72,21,21,0,ok
2007-07,PPUT,2007-07-31,2007-07-31,2007-07-31,482.42,21,21,0,ok
2007-07,SPY,2007-07-31,2007-07-31,2007-07-31,102.6906280039,21,21,0,ok
2007-08,VIX,2007-08-31,2007-08-31,2007-08-31,23.38,23,23,0,ok
2007-08,PUT,2007-08-31,2007-08-31,2007-08-31,965.42,23,23,0,ok
2007-08,CNDR,2007-08-31,2007-08-31,2007-08-31,678.23,23,23,0,ok
2007-08,PPUT,2007-08-31,2007-08-31,2007-08-31,476.44,23,23,0,ok
2007-08,SPY,2007-08-31,2007-08-31,2007-08-31,104.0084358518,23,23,0,ok
2007-09,VIX,2007-09-28,2007-09-28,2007-09-28,18,19,19,0,ok
2007-09,PUT,2007-09-28,2007-09-28,2007-09-28,981.42,19,19,0,ok
2007-09,CNDR,2007-09-28,2007-09-28,2007-09-28,683.23,19,19,0,ok
2007-09,PPUT,2007-09-28,2007-09-28,2007-09-28,491.59,19,19,0,ok
2007-09,SPY,2007-09-28,2007-09-28,2007-09-28,108.0334763908,19,19,0,ok
2007-10,VIX,2007-10-31,2007-10-31,2007-10-31,18.53,23,23,0,ok
2007-10,PUT,2007-10-31,2007-10-31,2007-10-31,1008.83,23,23,0,ok
2007-10,CNDR,2007-10-31,2007-10-31,2007-10-31,694.34,23,23,0,ok
2007-10,PPUT,2007-10-31,2007-10-31,2007-10-31,494.6,23,23,0,ok
2007-10,SPY,2007-10-31,2007-10-31,2007-10-31,109.4991234541,23,23,0,ok
2007-11,VIX,2007-11-30,2007-11-30,2007-11-30,22.87,21,21,0,ok
2007-11,PUT,2007-11-30,2007-11-30,2007-11-30,998.17,21,21,0,ok
2007-11,CNDR,2007-11-30,2007-11-30,2007-11-30,707.61,21,21,0,ok
2007-11,PPUT,2007-11-30,2007-11-30,2007-11-30,468.28,21,21,0,ok
2007-11,SPY,2007-11-30,2007-11-30,2007-11-30,105.2579422065,21,21,0,ok
2007-12,VIX,2007-12-31,2007-12-31,2007-12-31,22.5,20,20,0,ok
2007-12,PUT,2007-12-31,2007-12-31,2007-12-31,1010.61,20,20,0,ok
2007-12,CNDR,2007-12-31,2007-12-31,2007-12-31,716.76,20,20,0,ok
2007-12,PPUT,2007-12-31,2007-12-31,2007-12-31,463.53,20,20,0,ok
2007-12,SPY,2007-12-31,2007-12-31,2007-12-31,104.0651433674,20,20,0,ok
2008-01,VIX,2008-01-31,2008-01-31,2008-01-31,26.2,21,21,0,ok
2008-01,PUT,2008-01-31,2008-01-31,2008-01-31,956.3,21,21,0,ok
2008-01,CNDR,2008-01-31,2008-01-31,2008-01-31,664.18,21,21,0,ok
2008-01,PPUT,2008-01-31,2008-01-31,2008-01-31,447.71,21,21,0,ok
2008-01,SPY,2008-01-31,2008-01-31,2008-01-31,97.7732544945,21,21,0,ok
2008-02,VIX,2008-02-29,2008-02-29,2008-02-29,26.54,20,20,0,ok
2008-02,PUT,2008-02-29,2008-02-29,2008-02-29,972.68,20,20,0,ok
2008-02,CNDR,2008-02-29,2008-02-29,2008-02-29,674.89,20,20,0,ok
2008-02,PPUT,2008-02-29,2008-02-29,2008-02-29,431.81,20,20,0,ok
2008-02,SPY,2008-02-29,2008-02-29,2008-02-29,95.2465463864,20,20,0,ok
2008-03,VIX,2008-03-31,2008-03-31,2008-03-31,25.61,20,20,0,ok
2008-03,PUT,2008-03-31,2008-03-31,2008-03-31,984.81,20,20,0,ok
2008-03,CNDR,2008-03-31,2008-03-31,2008-03-31,688.07,20,20,0,ok
2008-03,PPUT,2008-03-31,2008-03-31,2008-03-31,422.84,20,20,0,ok
2008-03,SPY,2008-03-31,2008-03-31,2008-03-31,94.3863305864,20,20,0,ok
2008-04,VIX,2008-04-30,2008-04-30,2008-04-30,20.79,22,22,0,ok
2008-04,PUT,2008-04-30,2008-04-30,2008-04-30,1007,22,22,0,ok
2008-04,CNDR,2008-04-30,2008-04-30,2008-04-30,695.86,22,22,0,ok
2008-04,PPUT,2008-04-30,2008-04-30,2008-04-30,439.94,22,22,0,ok
2008-04,SPY,2008-04-30,2008-04-30,2008-04-30,98.885000349,22,22,0,ok
2008-05,VIX,2008-05-30,2008-05-30,2008-05-30,17.83,21,21,0,ok
2008-05,PUT,2008-05-30,2008-05-30,2008-05-30,1024.7,21,21,0,ok
2008-05,CNDR,2008-05-30,2008-05-30,2008-05-30,706.67,21,21,0,ok
2008-05,PPUT,2008-05-30,2008-05-30,2008-05-30,443,21,21,0,ok
2008-05,SPY,2008-05-30,2008-05-30,2008-05-30,100.3797981643,21,21,0,ok
2008-06,VIX,2008-06-30,2008-06-30,2008-06-30,23.95,21,21,0,ok
2008-06,PUT,2008-06-30,2008-06-30,2008-06-30,973.94,21,21,0,ok
2008-06,CNDR,2008-06-30,2008-06-30,2008-06-30,705.12,21,21,0,ok
2008-06,PPUT,2008-06-30,2008-06-30,2008-06-30,407.44,21,21,0,ok
2008-06,SPY,2008-06-30,2008-06-30,2008-06-30,91.998179993,21,21,0,ok
2008-07,VIX,2008-07-31,2008-07-31,2008-07-31,22.94,22,22,0,ok
2008-07,PUT,2008-07-31,2008-07-31,2008-07-31,979.41,22,22,0,ok
2008-07,CNDR,2008-07-31,2008-07-31,2008-07-31,723.35,22,22,0,ok
2008-07,PPUT,2008-07-31,2008-07-31,2008-07-31,396.2,22,22,0,ok
2008-07,SPY,2008-07-31,2008-07-31,2008-07-31,91.1715039771,22,22,0,ok
2008-08,VIX,2008-08-29,2008-08-29,2008-08-29,20.65,21,21,0,ok
2008-08,PUT,2008-08-29,2008-08-29,2008-08-29,993.16,21,21,0,ok
2008-08,CNDR,2008-08-29,2008-08-29,2008-08-29,733.86,21,21,0,ok
2008-08,PPUT,2008-08-29,2008-08-29,2008-08-29,399.65,21,21,0,ok
2008-08,SPY,2008-08-29,2008-08-29,2008-08-29,92.5804397528,21,21,0,ok
2008-09,VIX,2008-09-30,2008-09-30,2008-09-30,39.39,21,21,0,ok
2008-09,PUT,2008-09-30,2008-09-30,2008-09-30,967.47,21,21,0,ok
2008-09,CNDR,2008-09-30,2008-09-30,2008-09-30,736.76,21,21,0,ok
2008-09,PPUT,2008-09-30,2008-09-30,2008-09-30,369.56,21,21,0,ok
2008-09,SPY,2008-09-30,2008-09-30,2008-09-30,83.8433221493,21,21,0,ok
2008-10,VIX,2008-10-31,2008-10-31,2008-10-31,59.89,23,23,0,ok
2008-10,PUT,2008-10-31,2008-10-31,2008-10-31,796.71,23,23,0,ok
2008-10,CNDR,2008-10-31,2008-10-31,2008-10-31,684.55,23,23,0,ok
2008-10,PPUT,2008-10-31,2008-10-31,2008-10-31,368.6,23,23,0,ok
2008-10,SPY,2008-10-31,2008-10-31,2008-10-31,69.993526954,23,23,0,ok
2008-11,VIX,2008-11-28,2008-11-28,2008-11-28,55.84,19,19,0,ok
2008-11,PUT,2008-11-28,2008-11-28,2008-11-28,718.7,19,19,0,ok
2008-11,CNDR,2008-11-28,2008-11-28,2008-11-28,664.54,19,19,0,ok
2008-11,PPUT,2008-11-28,2008-11-28,2008-11-28,373.03,19,19,0,ok
2008-11,SPY,2008-11-28,2008-11-28,2008-11-28,65.1215164006,19,19,0,ok
2008-12,VIX,2008-12-31,2008-12-31,2008-12-31,40,22,22,0,ok
2008-12,PUT,2008-12-31,2008-12-31,2008-12-31,740.1,22,22,0,ok
2008-12,CNDR,2008-12-31,2008-12-31,2008-12-31,688.17,22,22,0,ok
2008-12,PPUT,2008-12-31,2008-12-31,2008-12-31,370.32,22,22,0,ok
2008-12,SPY,2008-12-31,2008-12-31,2008-12-31,65.7620068307,22,22,0,ok
2009-01,VIX,2009-01-30,2009-01-30,2009-01-30,44.84,20,20,0,ok
2009-01,PUT,2009-01-30,2009-01-30,2009-01-30,730.32,20,20,0,ok
2009-01,CNDR,2009-01-30,2009-01-30,2009-01-30,697.11,20,20,0,ok
2009-01,PPUT,2009-01-30,2009-01-30,2009-01-30,334.02,20,20,0,ok
2009-01,SPY,2009-01-30,2009-01-30,2009-01-30,60.3620044109,20,20,0,ok
2009-02,VIX,2009-02-27,2009-02-27,2009-02-27,46.35,19,19,0,ok
2009-02,PUT,2009-02-27,2009-02-27,2009-02-27,690.06,19,19,0,ok
2009-02,CNDR,2009-02-27,2009-02-27,2009-02-27,705.7,19,19,0,ok
2009-02,PPUT,2009-02-27,2009-02-27,2009-02-27,305.49,19,19,0,ok
2009-02,SPY,2009-02-27,2009-02-27,2009-02-27,53.8761665863,19,19,0,ok
2009-03,VIX,2009-03-31,2009-03-31,2009-03-31,44.14,22,22,0,ok
2009-03,PUT,2009-03-31,2009-03-31,2009-03-31,747.71,22,22,0,ok
2009-03,CNDR,2009-03-31,2009-03-31,2009-03-31,718.75,22,22,0,ok
2009-03,PPUT,2009-03-31,2009-03-31,2009-03-31,317.25,22,22,0,ok
2009-03,SPY,2009-03-31,2009-03-31,2009-03-31,58.3739796875,22,22,0,ok
2009-04,VIX,2009-04-30,2009-04-30,2009-04-30,36.5,21,21,0,ok
2009-04,PUT,2009-04-30,2009-04-30,2009-04-30,779.37,21,21,0,ok
2009-04,CNDR,2009-04-30,2009-04-30,2009-04-30,720.48,21,21,0,ok
2009-04,PPUT,2009-04-30,2009-04-30,2009-04-30,339.9,21,21,0,ok
2009-04,SPY,2009-04-30,2009-04-30,2009-04-30,64.1732064896,21,21,0,ok
2009-05,VIX,2009-05-29,2009-05-29,2009-05-29,28.92,20,20,0,ok
2009-05,PUT,2009-05-29,2009-05-29,2009-05-29,815.4,20,20,0,ok
2009-05,CNDR,2009-05-29,2009-05-29,2009-05-29,731.63,20,20,0,ok
2009-05,PPUT,2009-05-29,2009-05-29,2009-05-29,351.31,20,20,0,ok
2009-05,SPY,2009-05-29,2009-05-29,2009-05-29,67.9243521867,20,20,0,ok
2009-06,VIX,2009-06-30,2009-06-30,2009-06-30,26.35,22,22,0,ok
2009-06,PUT,2009-06-30,2009-06-30,2009-06-30,831.1,22,22,0,ok
2009-06,CNDR,2009-06-30,2009-06-30,2009-06-30,744.31,22,22,0,ok
2009-06,PPUT,2009-06-30,2009-06-30,2009-06-30,348.25,22,22,0,ok
2009-06,SPY,2009-06-30,2009-06-30,2009-06-30,67.8786053022,22,22,0,ok
2009-07,VIX,2009-07-31,2009-07-31,2009-07-31,25.92,22,22,0,ok
2009-07,PUT,2009-07-31,2009-07-31,2009-07-31,868.86,22,22,0,ok
2009-07,CNDR,2009-07-31,2009-07-31,2009-07-31,745.8,22,22,0,ok
2009-07,PPUT,2009-07-31,2009-07-31,2009-07-31,368.37,22,22,0,ok
2009-07,SPY,2009-07-31,2009-07-31,2009-07-31,72.9427414136,22,22,0,ok
2009-08,VIX,2009-08-31,2009-08-31,2009-08-31,26.01,21,21,0,ok
2009-08,PUT,2009-08-31,2009-08-31,2009-08-31,876.55,21,21,0,ok
2009-08,CNDR,2009-08-31,2009-08-31,2009-08-31,735.63,21,21,0,ok
2009-08,PPUT,2009-08-31,2009-08-31,2009-08-31,379.7,21,21,0,ok
2009-08,SPY,2009-08-31,2009-08-31,2009-08-31,75.6372172504,21,21,0,ok
2009-09,VIX,2009-09-30,2009-09-30,2009-09-30,25.61,21,21,0,ok
2009-09,PUT,2009-09-30,2009-09-30,2009-09-30,894.59,21,21,0,ok
2009-09,CNDR,2009-09-30,2009-09-30,2009-09-30,744.18,21,21,0,ok
2009-09,PPUT,2009-09-30,2009-09-30,2009-09-30,391.06,21,21,0,ok
2009-09,SPY,2009-09-30,2009-09-30,2009-09-30,78.3191032999,21,21,0,ok
2009-10,VIX,2009-10-30,2009-10-30,2009-10-30,30.69,22,22,0,ok
2009-10,PUT,2009-10-30,2009-10-30,2009-10-30,892.92,22,22,0,ok
2009-10,CNDR,2009-10-30,2009-10-30,2009-10-30,748.2,22,22,0,ok
2009-10,PPUT,2009-10-30,2009-10-30,2009-10-30,386.15,22,22,0,ok
2009-10,SPY,2009-10-30,2009-10-30,2009-10-30,76.8133946182,22,22,0,ok
2009-11,VIX,2009-11-30,2009-11-30,2009-11-30,24.51,20,20,0,ok
2009-11,PUT,2009-11-30,2009-11-30,2009-11-30,945.58,20,20,0,ok
2009-11,CNDR,2009-11-30,2009-11-30,2009-11-30,763.61,20,20,0,ok
2009-11,PPUT,2009-11-30,2009-11-30,2009-11-30,399.22,20,20,0,ok
2009-11,SPY,2009-11-30,2009-11-30,2009-11-30,81.5456219035,20,20,0,ok
2009-12,VIX,2009-12-31,2009-12-31,2009-12-31,21.68,22,22,0,ok
2009-12,PUT,2009-12-31,2009-12-31,2009-12-31,973.28,22,22,0,ok
2009-12,CNDR,2009-12-31,2009-12-31,2009-12-31,774.79,22,22,0,ok
2009-12,PPUT,2009-12-31,2009-12-31,2009-12-31,402.58,22,22,0,ok
2009-12,SPY,2009-12-31,2009-12-31,2009-12-31,83.1008608518,22,22,0,ok
2010-01,VIX,2010-01-29,2010-01-29,2010-01-29,24.62,19,19,0,ok
2010-01,PUT,2010-01-29,2010-01-29,2010-01-29,943.67,19,19,0,ok
2010-01,CNDR,2010-01-29,2010-01-29,2010-01-29,764.04,19,19,0,ok
2010-01,PPUT,2010-01-29,2010-01-29,2010-01-29,393.09,19,19,0,ok
2010-01,SPY,2010-01-29,2010-01-29,2010-01-29,80.0807739311,19,19,0,ok
2010-02,VIX,2010-02-26,2010-02-26,2010-02-26,19.5,19,19,0,ok
2010-02,PUT,2010-02-26,2010-02-26,2010-02-26,973.48,19,19,0,ok
2010-02,CNDR,2010-02-26,2010-02-26,2010-02-26,784.36,19,19,0,ok
2010-02,PPUT,2010-02-26,2010-02-26,2010-02-26,395.75,19,19,0,ok
2010-02,SPY,2010-02-26,2010-02-26,2010-02-26,82.5788705198,19,19,0,ok
2010-03,VIX,2010-03-31,2010-03-31,2010-03-31,17.59,23,23,0,ok
2010-03,PUT,2010-03-31,2010-03-31,2010-03-31,999.48,23,23,0,ok
2010-03,CNDR,2010-03-31,2010-03-31,2010-03-31,770.95,23,23,0,ok
2010-03,PPUT,2010-03-31,2010-03-31,2010-03-31,416.55,23,23,0,ok
2010-03,SPY,2010-03-31,2010-03-31,2010-03-31,87.6083566483,23,23,0,ok
2010-04,VIX,2010-04-30,2010-04-30,2010-04-30,22.05,21,21,0,ok
2010-04,PUT,2010-04-30,2010-04-30,2010-04-30,1009.17,21,21,0,ok
2010-04,CNDR,2010-04-30,2010-04-30,2010-04-30,763.98,21,21,0,ok
2010-04,PPUT,2010-04-30,2010-04-30,2010-04-30,422.1,21,21,0,ok
2010-04,SPY,2010-04-30,2010-04-30,2010-04-30,88.9636654136,21,21,0,ok
2010-05,VIX,2010-05-28,2010-05-28,2010-05-28,32.07,20,20,0,ok
2010-05,PUT,2010-05-28,2010-05-28,2010-05-28,917.7,20,20,0,ok
2010-05,CNDR,2010-05-28,2010-05-28,2010-05-28,703.3,20,20,0,ok
2010-05,PPUT,2010-05-28,2010-05-28,2010-05-28,413.13,20,20,0,ok
2010-05,SPY,2010-05-28,2010-05-28,2010-05-28,81.8950937318,20,20,0,ok
2010-06,VIX,2010-06-30,2010-06-30,2010-06-30,34.54,22,22,0,ok
2010-06,PUT,2010-06-30,2010-06-30,2010-06-30,880.91,22,22,0,ok
2010-06,CNDR,2010-06-30,2010-06-30,2010-06-30,692.2,22,22,0,ok
2010-06,PPUT,2010-06-30,2010-06-30,2010-06-30,400.39,22,22,0,ok
2010-06,SPY,2010-06-30,2010-06-30,2010-06-30,77.6575558866,22,22,0,ok
2010-07,VIX,2010-07-30,2010-07-30,2010-07-30,23.5,21,21,0,ok
2010-07,PUT,2010-07-30,2010-07-30,2010-07-30,954.37,21,21,0,ok
2010-07,CNDR,2010-07-30,2010-07-30,2010-07-30,720.8,21,21,0,ok
2010-07,PPUT,2010-07-30,2010-07-30,2010-07-30,406.72,21,21,0,ok
2010-07,SPY,2010-07-30,2010-07-30,2010-07-30,82.9616226276,21,21,0,ok
2010-08,VIX,2010-08-31,2010-08-31,2010-08-31,26.05,22,22,0,ok
2010-08,PUT,2010-08-31,2010-08-31,2010-08-31,961.58,22,22,0,ok
2010-08,CNDR,2010-08-31,2010-08-31,2010-08-31,730.32,22,22,0,ok
2010-08,PPUT,2010-08-31,2010-08-31,2010-08-31,386.08,22,22,0,ok
2010-08,SPY,2010-08-31,2010-08-31,2010-08-31,79.2299671616,22,22,0,ok
2010-09,VIX,2010-09-30,2010-09-30,2010-09-30,23.7,21,21,0,ok
2010-09,PUT,2010-09-30,2010-09-30,2010-09-30,1000.66,21,21,0,ok
2010-09,CNDR,2010-09-30,2010-09-30,2010-09-30,730.73,21,21,0,ok
2010-09,PPUT,2010-09-30,2010-09-30,2010-09-30,414.22,21,21,0,ok
2010-09,SPY,2010-09-30,2010-09-30,2010-09-30,86.3253101544,21,21,0,ok
2010-10,VIX,2010-10-29,2010-10-29,2010-10-29,21.2,21,21,0,ok
2010-10,PUT,2010-10-29,2010-10-29,2010-10-29,1020,21,21,0,ok
2010-10,CNDR,2010-10-29,2010-10-29,2010-10-29,727.95,21,21,0,ok
2010-10,PPUT,2010-10-29,2010-10-29,2010-10-29,426.69,21,21,0,ok
2010-10,SPY,2010-10-29,2010-10-29,2010-10-29,89.6231139945,21,21,0,ok
2010-11,VIX,2010-11-30,2010-11-30,2010-11-30,23.54,21,21,0,ok
2010-11,PUT,2010-11-30,2010-11-30,2010-11-30,1028.51,21,21,0,ok
2010-11,CNDR,2010-11-30,2010-11-30,2010-11-30,733.36,21,21,0,ok
2010-11,PPUT,2010-11-30,2010-11-30,2010-11-30,425.79,21,21,0,ok
2010-11,SPY,2010-11-30,2010-11-30,2010-11-30,89.6231139945,21,21,0,ok
2010-12,VIX,2010-12-31,2010-12-31,2010-12-31,17.75,22,22,0,ok
2010-12,PUT,2010-12-31,2010-12-31,2010-12-31,1061.04,22,22,0,ok
2010-12,CNDR,2010-12-31,2010-12-31,2010-12-31,737.18,22,22,0,ok
2010-12,PPUT,2010-12-31,2010-12-31,2010-12-31,449.72,22,22,0,ok
2010-12,SPY,2010-12-31,2010-12-31,2010-12-31,95.6139034355,22,22,0,ok
2011-01,VIX,2011-01-31,2011-01-31,2011-01-31,19.53,20,20,0,ok
2011-01,PUT,2011-01-31,2011-01-31,2011-01-31,1073.31,20,20,0,ok
2011-01,CNDR,2011-01-31,2011-01-31,2011-01-31,739.03,20,20,0,ok
2011-01,PPUT,2011-01-31,2011-01-31,2011-01-31,458.86,20,20,0,ok
2011-01,SPY,2011-01-31,2011-01-31,2011-01-31,97.8417263943,20,20,0,ok
2011-02,VIX,2011-02-28,2011-02-28,2011-02-28,18.35,19,19,0,ok
2011-02,PUT,2011-02-28,2011-02-28,2011-02-28,1084.57,19,19,0,ok
2011-02,CNDR,2011-02-28,2011-02-28,2011-02-28,730.55,19,19,0,ok
2011-02,PPUT,2011-02-28,2011-02-28,2011-02-28,472.82,19,19,0,ok
2011-02,SPY,2011-02-28,2011-02-28,2011-02-28,101.2404870174,19,19,0,ok
2011-03,VIX,2011-03-31,2011-03-31,2011-03-31,17.74,23,23,0,ok
2011-03,PUT,2011-03-31,2011-03-31,2011-03-31,1082.03,23,23,0,ok
2011-03,CNDR,2011-03-31,2011-03-31,2011-03-31,736.68,23,23,0,ok
2011-03,PPUT,2011-03-31,2011-03-31,2011-03-31,467.09,23,23,0,ok
2011-03,SPY,2011-03-31,2011-03-31,2011-03-31,101.2513131774,23,23,0,ok
2011-04,VIX,2011-04-29,2011-04-29,2011-04-29,14.75,20,20,0,ok
2011-04,PUT,2011-04-29,2011-04-29,2011-04-29,1100.52,20,20,0,ok
2011-04,CNDR,2011-04-29,2011-04-29,2011-04-29,738.92,20,20,0,ok
2011-04,PPUT,2011-04-29,2011-04-29,2011-04-29,478.25,20,20,0,ok
2011-04,SPY,2011-04-29,2011-04-29,2011-04-29,104.1836990481,20,20,0,ok
2011-05,VIX,2011-05-31,2011-05-31,2011-05-31,15.45,21,21,0,ok
2011-05,PUT,2011-05-31,2011-05-31,2011-05-31,1111.83,21,21,0,ok
2011-05,CNDR,2011-05-31,2011-05-31,2011-05-31,754.16,21,21,0,ok
2011-05,PPUT,2011-05-31,2011-05-31,2011-05-31,470.85,21,21,0,ok
2011-05,SPY,2011-05-31,2011-05-31,2011-05-31,103.0153265527,21,21,0,ok
2011-06,VIX,2011-06-30,2011-06-30,2011-06-30,16.52,22,22,0,ok
2011-06,PUT,2011-06-30,2011-06-30,2011-06-30,1096.54,22,22,0,ok
2011-06,CNDR,2011-06-30,2011-06-30,2011-06-30,758.11,22,22,0,ok
2011-06,PPUT,2011-06-30,2011-06-30,2011-06-30,459.31,22,22,0,ok
2011-06,SPY,2011-06-30,2011-06-30,2011-06-30,101.2756920934,22,22,0,ok
2011-07,VIX,2011-07-29,2011-07-29,2011-07-29,25.25,20,20,0,ok
2011-07,PUT,2011-07-29,2011-07-29,2011-07-29,1091.39,20,20,0,ok
2011-07,CNDR,2011-07-29,2011-07-29,2011-07-29,768.41,20,20,0,ok
2011-07,PPUT,2011-07-29,2011-07-29,2011-07-29,451.08,20,20,0,ok
2011-07,SPY,2011-07-29,2011-07-29,2011-07-29,99.2497178028,20,20,0,ok
2011-08,VIX,2011-08-31,2011-08-31,2011-08-31,31.62,23,23,0,ok
2011-08,PUT,2011-08-31,2011-08-31,2011-08-31,1003.86,23,23,0,ok
2011-08,CNDR,2011-08-31,2011-08-31,2011-08-31,707.56,23,23,0,ok
2011-08,PPUT,2011-08-31,2011-08-31,2011-08-31,454.88,23,23,0,ok
2011-08,SPY,2011-08-31,2011-08-31,2011-08-31,93.7934006794,23,23,0,ok
2011-09,VIX,2011-09-30,2011-09-30,2011-09-30,42.96,21,21,0,ok
2011-09,PUT,2011-09-30,2011-09-30,2011-09-30,973.16,21,21,0,ok
2011-09,CNDR,2011-09-30,2011-09-30,2011-09-30,712.92,21,21,0,ok
2011-09,PPUT,2011-09-30,2011-09-30,2011-09-30,422.71,21,21,0,ok
2011-09,SPY,2011-09-30,2011-09-30,2011-09-30,87.2795166323,21,21,0,ok
2011-10,VIX,2011-10-31,2011-10-31,2011-10-31,29.96,21,21,0,ok
2011-10,PUT,2011-10-31,2011-10-31,2011-10-31,1060.53,21,21,0,ok
2011-10,CNDR,2011-10-31,2011-10-31,2011-10-31,729.85,21,21,0,ok
2011-10,PPUT,2011-10-31,2011-10-31,2011-10-31,454.69,21,21,0,ok
2011-10,SPY,2011-10-31,2011-10-31,2011-10-31,96.8058271088,21,21,0,ok
2011-11,VIX,2011-11-30,2011-11-30,2011-11-30,27.8,21,21,0,ok
2011-11,PUT,2011-11-30,2011-11-30,2011-11-30,1090.77,21,21,0,ok
2011-11,CNDR,2011-11-30,2011-11-30,2011-11-30,741.58,21,21,0,ok
2011-11,PPUT,2011-11-30,2011-11-30,2011-11-30,444.6,21,21,0,ok
2011-11,SPY,2011-11-30,2011-11-30,2011-11-30,96.412432911,21,21,0,ok
2011-12,VIX,2011-12-30,2011-12-30,2011-12-30,23.4,21,21,0,ok
2011-12,PUT,2011-12-30,2011-12-30,2011-12-30,1126.54,21,21,0,ok
2011-12,CNDR,2011-12-30,2011-12-30,2011-12-30,750,21,21,0,ok
2011-12,PPUT,2011-12-30,2011-12-30,2011-12-30,443.26,21,21,0,ok
2011-12,SPY,2011-12-30,2011-12-30,2011-12-30,97.4189784504,21,21,0,ok
2012-01,VIX,2012-01-31,2012-01-31,2012-01-31,19.44,20,20,0,ok
2012-01,PUT,2012-01-31,2012-01-31,2012-01-31,1145.01,20,20,0,ok
2012-01,CNDR,2012-01-31,2012-01-31,2012-01-31,744.38,20,20,0,ok
2012-01,PPUT,2012-01-31,2012-01-31,2012-01-31,459.93,20,20,0,ok
2012-01,SPY,2012-01-31,2012-01-31,2012-01-31,101.9367350606,20,20,0,ok
2012-02,VIX,2012-02-29,2012-02-29,2012-02-29,18.43,20,20,0,ok
2012-02,PUT,2012-02-29,2012-02-29,2012-02-29,1168.92,20,20,0,ok
2012-02,CNDR,2012-02-29,2012-02-29,2012-02-29,745.17,20,20,0,ok
2012-02,PPUT,2012-02-29,2012-02-29,2012-02-29,477.22,20,20,0,ok
2012-02,SPY,2012-02-29,2012-02-29,2012-02-29,106.36134205,20,20,0,ok
2012-03,VIX,2012-03-30,2012-03-30,2012-03-30,15.5,22,22,0,ok
2012-03,PUT,2012-03-30,2012-03-30,2012-03-30,1186.61,22,22,0,ok
2012-03,CNDR,2012-03-30,2012-03-30,2012-03-30,748.92,22,22,0,ok
2012-03,PPUT,2012-03-30,2012-03-30,2012-03-30,490.75,22,22,0,ok
2012-03,SPY,2012-03-30,2012-03-30,2012-03-30,109.7815799667,22,22,0,ok
2012-04,VIX,2012-04-30,2012-04-30,2012-04-30,17.15,20,20,0,ok
2012-04,PUT,2012-04-30,2012-04-30,2012-04-30,1192.39,20,20,0,ok
2012-04,CNDR,2012-04-30,2012-04-30,2012-04-30,756.98,20,20,0,ok
2012-04,PPUT,2012-04-30,2012-04-30,2012-04-30,485.21,20,20,0,ok
2012-04,SPY,2012-04-30,2012-04-30,2012-04-30,109.0487152187,20,20,0,ok
2012-05,VIX,2012-05-31,2012-05-31,2012-05-31,24.06,22,22,0,ok
2012-05,PUT,2012-05-31,2012-05-31,2012-05-31,1150.05,22,22,0,ok
2012-05,CNDR,2012-05-31,2012-05-31,2012-05-31,755.51,22,22,0,ok
2012-05,PPUT,2012-05-31,2012-05-31,2012-05-31,453.71,22,22,0,ok
2012-05,SPY,2012-05-31,2012-05-31,2012-05-31,102.4997110875,22,22,0,ok
2012-06,VIX,2012-06-29,2012-06-29,2012-06-29,17.08,21,21,0,ok
2012-06,PUT,2012-06-29,2012-06-29,2012-06-29,1189.4,21,21,0,ok
2012-06,CNDR,2012-06-29,2012-06-29,2012-06-29,765.62,21,21,0,ok
2012-06,PPUT,2012-06-29,2012-06-29,2012-06-29,466.51,21,21,0,ok
2012-06,SPY,2012-06-29,2012-06-29,2012-06-29,106.65389767,21,21,0,ok
2012-07,VIX,2012-07-31,2012-07-31,2012-07-31,18.93,21,21,0,ok
2012-07,PUT,2012-07-31,2012-07-31,2012-07-31,1204.41,21,21,0,ok
2012-07,CNDR,2012-07-31,2012-07-31,2012-07-31,769.53,21,21,0,ok
2012-07,PPUT,2012-07-31,2012-07-31,2012-07-31,471.28,21,21,0,ok
2012-07,SPY,2012-07-31,2012-07-31,2012-07-31,107.9155639099,21,21,0,ok
2012-08,VIX,2012-08-31,2012-08-31,2012-08-31,17.47,23,23,0,ok
2012-08,PUT,2012-08-31,2012-08-31,2012-08-31,1217.28,23,23,0,ok
2012-08,CNDR,2012-08-31,2012-08-31,2012-08-31,769.06,23,23,0,ok
2012-08,PPUT,2012-08-31,2012-08-31,2012-08-31,480.22,23,23,0,ok
2012-08,SPY,2012-08-31,2012-08-31,2012-08-31,110.6191344239,23,23,0,ok
2012-09,VIX,2012-09-28,2012-09-28,2012-09-28,15.73,19,19,0,ok
2012-09,PUT,2012-09-28,2012-09-28,2012-09-28,1228.58,19,19,0,ok
2012-09,CNDR,2012-09-28,2012-09-28,2012-09-28,762.8,19,19,0,ok
2012-09,PPUT,2012-09-28,2012-09-28,2012-09-28,491.63,19,19,0,ok
2012-09,SPY,2012-09-28,2012-09-28,2012-09-28,113.4240280471,19,19,0,ok
2012-10,VIX,2012-10-31,2012-10-31,2012-10-31,18.6,21,21,0,ok
2012-10,PUT,2012-10-31,2012-10-31,2012-10-31,1232.66,21,21,0,ok
2012-10,CNDR,2012-10-31,2012-10-31,2012-10-31,768.48,21,21,0,ok
2012-10,PPUT,2012-10-31,2012-10-31,2012-10-31,481.58,21,21,0,ok
2012-10,SPY,2012-10-31,2012-10-31,2012-10-31,111.3599108457,21,21,0,ok
2012-11,VIX,2012-11-30,2012-11-30,2012-11-30,15.87,21,21,0,ok
2012-11,PUT,2012-11-30,2012-11-30,2012-11-30,1208.95,21,21,0,ok
2012-11,CNDR,2012-11-30,2012-11-30,2012-11-30,732.89,21,21,0,ok
2012-11,PPUT,2012-11-30,2012-11-30,2012-11-30,484.5,21,21,0,ok
2012-11,SPY,2012-11-30,2012-11-30,2012-11-30,111.99017564,21,21,0,ok
2012-12,VIX,2012-12-31,2012-12-31,2012-12-31,18.02,20,20,0,ok
2012-12,PUT,2012-12-31,2012-12-31,2012-12-31,1218.24,20,20,0,ok
2012-12,CNDR,2012-12-31,2012-12-31,2012-12-31,727.15,20,20,0,ok
2012-12,PPUT,2012-12-31,2012-12-31,2012-12-31,487.58,20,20,0,ok
2012-12,SPY,2012-12-31,2012-12-31,2012-12-31,112.9978986566,20,20,0,ok
2013-01,VIX,2013-01-31,2013-01-31,2013-01-31,14.28,21,21,0,ok
2013-01,PUT,2013-01-31,2013-01-31,2013-01-31,1244.84,21,21,0,ok
2013-01,CNDR,2013-01-31,2013-01-31,2013-01-31,727.87,21,21,0,ok
2013-01,PPUT,2013-01-31,2013-01-31,2013-01-31,510.24,21,21,0,ok
2013-01,SPY,2013-01-31,2013-01-31,2013-01-31,118.7822865592,21,21,0,ok
2013-02,VIX,2013-02-28,2013-02-28,2013-02-28,15.51,19,19,0,ok
2013-02,PUT,2013-02-28,2013-02-28,2013-02-28,1250.35,19,19,0,ok
2013-02,CNDR,2013-02-28,2013-02-28,2013-02-28,724.92,19,19,0,ok
2013-02,PPUT,2013-02-28,2013-02-28,2013-02-28,516.67,19,19,0,ok
2013-02,SPY,2013-02-28,2013-02-28,2013-02-28,120.2978120591,19,19,0,ok
2013-03,VIX,2013-03-28,2013-03-28,2013-03-28,12.7,20,20,0,ok
2013-03,PUT,2013-03-28,2013-03-28,2013-03-28,1270.52,20,20,0,ok
2013-03,CNDR,2013-03-28,2013-03-28,2013-03-28,724.81,20,20,0,ok
2013-03,PPUT,2013-03-28,2013-03-28,2013-03-28,534.52,20,20,0,ok
2013-03,SPY,2013-03-28,2013-03-28,2013-03-28,124.8661768089,20,20,0,ok
2013-04,VIX,2013-04-30,2013-04-30,2013-04-30,13.52,22,22,0,ok
2013-04,PUT,2013-04-30,2013-04-30,2013-04-30,1285.2,22,22,0,ok
2013-04,CNDR,2013-04-30,2013-04-30,2013-04-30,727.26,22,22,0,ok
2013-04,PPUT,2013-04-30,2013-04-30,2013-04-30,542.18,22,22,0,ok
2013-04,SPY,2013-04-30,2013-04-30,2013-04-30,127.265150398,22,22,0,ok
2013-05,VIX,2013-05-31,2013-05-31,2013-05-31,16.3,22,22,0,ok
2013-05,PUT,2013-05-31,2013-05-31,2013-05-31,1278.01,22,22,0,ok
2013-05,CNDR,2013-05-31,2013-05-31,2013-05-31,713.31,22,22,0,ok
2013-05,PPUT,2013-05-31,2013-05-31,2013-05-31,555.48,22,22,0,ok
2013-05,SPY,2013-05-31,2013-05-31,2013-05-31,130.2698448932,22,22,0,ok
2013-06,VIX,2013-06-28,2013-06-28,2013-06-28,16.86,20,20,0,ok
2013-06,PUT,2013-06-28,2013-06-28,2013-06-28,1278.81,20,20,0,ok
2013-06,CNDR,2013-06-28,2013-06-28,2013-06-28,726.36,20,20,0,ok
2013-06,PPUT,2013-06-28,2013-06-28,2013-06-28,541.9,20,20,0,ok
2013-06,SPY,2013-06-28,2013-06-28,2013-06-28,128.5293867398,20,20,0,ok
2013-07,VIX,2013-07-31,2013-07-31,2013-07-31,13.45,22,22,0,ok
2013-07,PUT,2013-07-31,2013-07-31,2013-07-31,1297,22,22,0,ok
2013-07,CNDR,2013-07-31,2013-07-31,2013-07-31,709.73,22,22,0,ok
2013-07,PPUT,2013-07-31,2013-07-31,2013-07-31,567.64,22,22,0,ok
2013-07,SPY,2013-07-31,2013-07-31,2013-07-31,135.171380357,22,22,0,ok
2013-08,VIX,2013-08-30,2013-08-30,2013-08-30,17.01,22,22,0,ok
2013-08,PUT,2013-08-30,2013-08-30,2013-08-30,1278.74,22,22,0,ok
2013-08,CNDR,2013-08-30,2013-08-30,2013-08-30,715.24,22,22,0,ok
2013-08,PPUT,2013-08-30,2013-08-30,2013-08-30,551.28,22,22,0,ok
2013-08,SPY,2013-08-30,2013-08-30,2013-08-30,131.1172805134,22,22,0,ok
2013-09,VIX,2013-09-30,2013-09-30,2013-09-30,16.6,20,20,0,ok
2013-09,PUT,2013-09-30,2013-09-30,2013-09-30,1292.9,20,20,0,ok
2013-09,CNDR,2013-09-30,2013-09-30,2013-09-30,709.57,20,20,0,ok
2013-09,PPUT,2013-09-30,2013-09-30,2013-09-30,567.13,20,20,0,ok
2013-09,SPY,2013-09-30,2013-09-30,2013-09-30,135.2712493628,20,20,0,ok
2013-10,VIX,2013-10-31,2013-10-31,2013-10-31,13.75,23,23,0,ok
2013-10,PUT,2013-10-31,2013-10-31,2013-10-31,1335.35,23,23,0,ok
2013-10,CNDR,2013-10-31,2013-10-31,2013-10-31,724.09,23,23,0,ok
2013-10,PPUT,2013-10-31,2013-10-31,2013-10-31,589.08,23,23,0,ok
2013-10,SPY,2013-10-31,2013-10-31,2013-10-31,141.5352236503,23,23,0,ok
2013-11,VIX,2013-11-29,2013-11-29,2013-11-29,13.7,20,20,0,ok
2013-11,PUT,2013-11-29,2013-11-29,2013-11-29,1349.66,20,20,0,ok
2013-11,CNDR,2013-11-29,2013-11-29,2013-11-29,718.36,20,20,0,ok
2013-11,PPUT,2013-11-29,2013-11-29,2013-11-29,605.89,20,20,0,ok
2013-11,SPY,2013-11-29,2013-11-29,2013-11-29,145.7299930639,20,20,0,ok
2013-12,VIX,2013-12-31,2013-12-31,2013-12-31,13.72,21,21,0,ok
2013-12,PUT,2013-12-31,2013-12-31,2013-12-31,1367.79,21,21,0,ok
2013-12,CNDR,2013-12-31,2013-12-31,2013-12-31,721.77,21,21,0,ok
2013-12,PPUT,2013-12-31,2013-12-31,2013-12-31,619.52,21,21,0,ok
2013-12,SPY,2013-12-31,2013-12-31,2013-12-31,149.5037952258,21,21,0,ok
2014-01,VIX,2014-01-31,2014-01-31,2014-01-31,18.41,21,21,0,ok
2014-01,PUT,2014-01-31,2014-01-31,2014-01-31,1341.67,21,21,0,ok
2014-01,CNDR,2014-01-31,2014-01-31,2014-01-31,723.87,21,21,0,ok
2014-01,PPUT,2014-01-31,2014-01-31,2014-01-31,601.53,21,21,0,ok
2014-01,SPY,2014-01-31,2014-01-31,2014-01-31,144.234047503,21,21,0,ok
2014-02,VIX,2014-02-28,2014-02-28,2014-02-28,14,19,19,0,ok
2014-02,PUT,2014-02-28,2014-02-28,2014-02-28,1397.18,19,19,0,ok
2014-02,CNDR,2014-02-28,2014-02-28,2014-02-28,738.87,19,19,0,ok
2014-02,PPUT,2014-02-28,2014-02-28,2014-02-28,622.25,19,19,0,ok
2014-02,SPY,2014-02-28,2014-02-28,2014-02-28,150.7989713174,19,19,0,ok
2014-03,VIX,2014-03-31,2014-03-31,2014-03-31,13.88,21,21,0,ok
2014-03,PUT,2014-03-31,2014-03-31,2014-03-31,1407.86,21,21,0,ok
2014-03,CNDR,2014-03-31,2014-03-31,2014-03-31,743.05,21,21,0,ok
2014-03,PPUT,2014-03-31,2014-03-31,2014-03-31,625.84,21,21,0,ok
2014-03,SPY,2014-03-31,2014-03-31,2014-03-31,152.0522138055,21,21,0,ok
2014-04,VIX,2014-04-30,2014-04-30,2014-04-30,13.41,21,21,0,ok
2014-04,PUT,2014-04-30,2014-04-30,2014-04-30,1419.05,21,21,0,ok
2014-04,CNDR,2014-04-30,2014-04-30,2014-04-30,750.7,21,21,0,ok
2014-04,PPUT,2014-04-30,2014-04-30,2014-04-30,628.03,21,21,0,ok
2014-04,SPY,2014-04-30,2014-04-30,2014-04-30,153.1092047576,21,21,0,ok
2014-05,VIX,2014-05-30,2014-05-30,2014-05-30,11.4,21,21,0,ok
2014-05,PUT,2014-05-30,2014-05-30,2014-05-30,1443.34,21,21,0,ok
2014-05,CNDR,2014-05-30,2014-05-30,2014-05-30,752.58,21,21,0,ok
2014-05,PPUT,2014-05-30,2014-05-30,2014-05-30,640.43,21,21,0,ok
2014-05,SPY,2014-05-30,2014-05-30,2014-05-30,156.6623204964,21,21,0,ok
2014-06,VIX,2014-06-30,2014-06-30,2014-06-30,11.57,21,21,0,ok
2014-06,PUT,2014-06-30,2014-06-30,2014-06-30,1447.72,21,21,0,ok
2014-06,CNDR,2014-06-30,2014-06-30,2014-06-30,738.84,21,21,0,ok
2014-06,PPUT,2014-06-30,2014-06-30,2014-06-30,653.15,21,21,0,ok
2014-06,SPY,2014-06-30,2014-06-30,2014-06-30,159.8947925754,21,21,0,ok
2014-07,VIX,2014-07-31,2014-07-31,2014-07-31,16.95,22,22,0,ok
2014-07,PUT,2014-07-31,2014-07-31,2014-07-31,1439.72,22,22,0,ok
2014-07,CNDR,2014-07-31,2014-07-31,2014-07-31,740.5,22,22,0,ok
2014-07,PPUT,2014-07-31,2014-07-31,2014-07-31,644.87,22,22,0,ok
2014-07,SPY,2014-07-31,2014-07-31,2014-07-31,157.7461960882,22,22,0,ok
2014-08,VIX,2014-08-29,2014-08-29,2014-08-29,11.98,21,21,0,ok
2014-08,PUT,2014-08-29,2014-08-29,2014-08-29,1490.81,21,21,0,ok
2014-08,CNDR,2014-08-29,2014-08-29,2014-08-29,746.81,21,21,0,ok
2014-08,PPUT,2014-08-29,2014-08-29,2014-08-29,665.1,21,21,0,ok
2014-08,SPY,2014-08-29,2014-08-29,2014-08-29,163.9714072032,21,21,0,ok
2014-09,VIX,2014-09-30,2014-09-30,2014-09-30,16.31,21,21,0,ok
2014-09,PUT,2014-09-30,2014-09-30,2014-09-30,1475.94,21,21,0,ok
2014-09,CNDR,2014-09-30,2014-09-30,2014-09-30,735.79,21,21,0,ok
2014-09,PPUT,2014-09-30,2014-09-30,2014-09-30,657.49,21,21,0,ok
2014-09,SPY,2014-09-30,2014-09-30,2014-09-30,161.710045491,21,21,0,ok
2014-10,VIX,2014-10-31,2014-10-31,2014-10-31,14.03,23,23,0,ok
2014-10,PUT,2014-10-31,2014-10-31,2014-10-31,1438.72,23,23,0,ok
2014-10,CNDR,2014-10-31,2014-10-31,2014-10-31,681.69,23,23,0,ok
2014-10,PPUT,2014-10-31,2014-10-31,2014-10-31,674.7,23,23,0,ok
2014-10,SPY,2014-10-31,2014-10-31,2014-10-31,165.5184639819,23,23,0,ok
2014-11,VIX,2014-11-28,2014-11-28,2014-11-28,13.33,19,19,0,ok
2014-11,PUT,2014-11-28,2014-11-28,2014-11-28,1443.43,19,19,0,ok
2014-11,CNDR,2014-11-28,2014-11-28,2014-11-28,677.19,19,19,0,ok
2014-11,PPUT,2014-11-28,2014-11-28,2014-11-28,691.96,19,19,0,ok
2014-11,SPY,2014-11-28,2014-11-28,2014-11-28,170.0655843353,19,19,0,ok
2014-12,VIX,2014-12-31,2014-12-31,2014-12-31,19.2,22,22,0,ok
2014-12,PUT,2014-12-31,2014-12-31,2014-12-31,1455.01,22,22,0,ok
2014-12,CNDR,2014-12-31,2014-12-31,2014-12-31,683.99,22,22,0,ok
2014-12,PPUT,2014-12-31,2014-12-31,2014-12-31,688.64,22,22,0,ok
2014-12,SPY,2014-12-31,2014-12-31,2014-12-31,169.6301889109,22,22,0,ok
2015-01,VIX,2015-01-30,2015-01-30,2015-01-30,20.97,20,20,0,ok
2015-01,PUT,2015-01-30,2015-01-30,2015-01-30,1426.89,20,20,0,ok
2015-01,CNDR,2015-01-30,2015-01-30,2015-01-30,692.41,20,20,0,ok
2015-01,PPUT,2015-01-30,2015-01-30,2015-01-30,663.34,20,20,0,ok
2015-01,SPY,2015-01-30,2015-01-30,2015-01-30,164.6041703721,20,20,0,ok
2015-02,VIX,2015-02-27,2015-02-27,2015-02-27,13.34,19,19,0,ok
2015-02,PUT,2015-02-27,2015-02-27,2015-02-27,1464.5,19,19,0,ok
2015-02,CNDR,2015-02-27,2015-02-27,2015-02-27,694.7,19,19,0,ok
2015-02,PPUT,2015-02-27,2015-02-27,2015-02-27,695.14,19,19,0,ok
2015-02,SPY,2015-02-27,2015-02-27,2015-02-27,173.8556757613,19,19,0,ok
2015-03,VIX,2015-03-31,2015-03-31,2015-03-31,15.29,22,22,0,ok
2015-03,PUT,2015-03-31,2015-03-31,2015-03-31,1461.32,22,22,0,ok
2015-03,CNDR,2015-03-31,2015-03-31,2015-03-31,697.63,22,22,0,ok
2015-03,PPUT,2015-03-31,2015-03-31,2015-03-31,684.13,22,22,0,ok
2015-03,SPY,2015-03-31,2015-03-31,2015-03-31,171.1183552921,22,22,0,ok
2015-04,VIX,2015-04-30,2015-04-30,2015-04-30,14.55,21,21,0,ok
2015-04,PUT,2015-04-30,2015-04-30,2015-04-30,1488.2,21,21,0,ok
2015-04,CNDR,2015-04-30,2015-04-30,2015-04-30,710.78,21,21,0,ok
2015-04,PPUT,2015-04-30,2015-04-30,2015-04-30,686.93,21,21,0,ok
2015-04,SPY,2015-04-30,2015-04-30,2015-04-30,172.801106158,21,21,0,ok
2015-05,VIX,2015-05-29,2015-05-29,2015-05-29,13.84,20,20,0,ok
2015-05,PUT,2015-05-29,2015-05-29,2015-05-29,1504.36,20,20,0,ok
2015-05,CNDR,2015-05-29,2015-05-29,2015-05-29,718.98,20,20,0,ok
2015-05,PPUT,2015-05-29,2015-05-29,2015-05-29,693.97,20,20,0,ok
2015-05,SPY,2015-05-29,2015-05-29,2015-05-29,175.0226688775,20,20,0,ok
2015-06,VIX,2015-06-30,2015-06-30,2015-06-30,18.23,22,22,0,ok
2015-06,PUT,2015-06-30,2015-06-30,2015-06-30,1499.74,22,22,0,ok
2015-06,CNDR,2015-06-30,2015-06-30,2015-06-30,718.58,22,22,0,ok
2015-06,PPUT,2015-06-30,2015-06-30,2015-06-30,681.9,22,22,0,ok
2015-06,SPY,2015-06-30,2015-06-30,2015-06-30,171.5046665292,22,22,0,ok
2015-07,VIX,2015-07-31,2015-07-31,2015-07-31,12.12,22,22,0,ok
2015-07,PUT,2015-07-31,2015-07-31,2015-07-31,1542.49,22,22,0,ok
2015-07,CNDR,2015-07-31,2015-07-31,2015-07-31,735.86,22,22,0,ok
2015-07,PPUT,2015-07-31,2015-07-31,2015-07-31,690.02,22,22,0,ok
2015-07,SPY,2015-07-31,2015-07-31,2015-07-31,175.3031088012,22,22,0,ok
2015-08,VIX,2015-08-31,2015-08-31,2015-08-31,28.43,21,21,0,ok
2015-08,PUT,2015-08-31,2015-08-31,2015-08-31,1480.29,21,21,0,ok
2015-08,CNDR,2015-08-31,2015-08-31,2015-08-31,723.96,21,21,0,ok
2015-08,PPUT,2015-08-31,2015-08-31,2015-08-31,647.44,21,21,0,ok
2015-08,SPY,2015-08-31,2015-08-31,2015-08-31,164.5491856146,21,21,0,ok
2015-09,VIX,2015-09-30,2015-09-30,2015-09-30,24.5,21,21,0,ok
2015-09,PUT,2015-09-30,2015-09-30,2015-09-30,1477.68,21,21,0,ok
2015-09,CNDR,2015-09-30,2015-09-30,2015-09-30,731.26,21,21,0,ok
2015-09,PPUT,2015-09-30,2015-09-30,2015-09-30,626.26,21,21,0,ok
2015-09,SPY,2015-09-30,2015-09-30,2015-09-30,160.4371112711,21,21,0,ok
2015-10,VIX,2015-10-30,2015-10-30,2015-10-30,15.07,22,22,0,ok
2015-10,PUT,2015-10-30,2015-10-30,2015-10-30,1545.36,22,22,0,ok
2015-10,CNDR,2015-10-30,2015-10-30,2015-10-30,736.53,22,22,0,ok
2015-10,PPUT,2015-10-30,2015-10-30,2015-10-30,669.35,22,22,0,ok
2015-10,SPY,2015-10-30,2015-10-30,2015-10-30,174.1201970176,22,22,0,ok
2015-11,VIX,2015-11-30,2015-11-30,2015-11-30,16.13,20,20,0,ok
2015-11,PUT,2015-11-30,2015-11-30,2015-11-30,1554.66,20,20,0,ok
2015-11,CNDR,2015-11-30,2015-11-30,2015-11-30,744.1,20,20,0,ok
2015-11,PPUT,2015-11-30,2015-11-30,2015-11-30,669.37,20,20,0,ok
2015-11,SPY,2015-11-30,2015-11-30,2015-11-30,174.7566196104,20,20,0,ok
2015-12,VIX,2015-12-31,2015-12-31,2015-12-31,18.21,22,22,0,ok
2015-12,PUT,2015-12-31,2015-12-31,2015-12-31,1548.16,22,22,0,ok
2015-12,CNDR,2015-12-31,2015-12-31,2015-12-31,755.12,22,22,0,ok
2015-12,PPUT,2015-12-31,2015-12-31,2015-12-31,653.26,22,22,0,ok
2015-12,SPY,2015-12-31,2015-12-31,2015-12-31,171.7544383909,22,22,0,ok
2016-01,VIX,2016-01-29,2016-01-29,2016-01-29,20.2,19,19,0,ok
2016-01,PUT,2016-01-29,2016-01-29,2016-01-29,1476.35,19,19,0,ok
2016-01,CNDR,2016-01-29,2016-01-29,2016-01-29,730.66,19,19,0,ok
2016-01,PPUT,2016-01-29,2016-01-29,2016-01-29,629.38,19,19,0,ok
2016-01,SPY,2016-01-29,2016-01-29,2016-01-29,163.2033647758,19,19,0,ok
2016-02,VIX,2016-02-29,2016-02-29,2016-02-29,20.55,20,20,0,ok
2016-02,PUT,2016-02-29,2016-02-29,2016-02-29,1498.86,20,20,0,ok
2016-02,CNDR,2016-02-29,2016-02-29,2016-02-29,739.84,20,20,0,ok
2016-02,PPUT,2016-02-29,2016-02-29,2016-02-29,624.74,20,20,0,ok
2016-02,SPY,2016-02-29,2016-02-29,2016-02-29,163.068566986,20,20,0,ok
2016-03,VIX,2016-03-31,2016-03-31,2016-03-31,13.95,22,22,0,ok
2016-03,PUT,2016-03-31,2016-03-31,2016-03-31,1529.06,22,22,0,ok
2016-03,CNDR,2016-03-31,2016-03-31,2016-03-31,725.27,22,22,0,ok
2016-03,PPUT,2016-03-31,2016-03-31,2016-03-31,663.42,22,22,0,ok
2016-03,SPY,2016-03-31,2016-03-31,2016-03-31,174.0337104578,22,22,0,ok
2016-04,VIX,2016-04-29,2016-04-29,2016-04-29,15.7,21,21,0,ok
2016-04,PUT,2016-04-29,2016-04-29,2016-04-29,1536.59,21,21,0,ok
2016-04,CNDR,2016-04-29,2016-04-29,2016-04-29,731.65,21,21,0,ok
2016-04,PPUT,2016-04-29,2016-04-29,2016-04-29,664.9,21,21,0,ok
2016-04,SPY,2016-04-29,2016-04-29,2016-04-29,174.7196142855,21,21,0,ok
2016-05,VIX,2016-05-31,2016-05-31,2016-05-31,14.19,21,21,0,ok
2016-05,PUT,2016-05-31,2016-05-31,2016-05-31,1554.25,21,21,0,ok
2016-05,CNDR,2016-05-31,2016-05-31,2016-05-31,738.42,21,21,0,ok
2016-05,PPUT,2016-05-31,2016-05-31,2016-05-31,672.54,21,21,0,ok
2016-05,SPY,2016-05-31,2016-05-31,2016-05-31,177.6918664635,21,21,0,ok
2016-06,VIX,2016-06-30,2016-06-30,2016-06-30,15.63,22,22,0,ok
2016-06,PUT,2016-06-30,2016-06-30,2016-06-30,1581.25,22,22,0,ok
2016-06,CNDR,2016-06-30,2016-06-30,2016-06-30,751.98,22,22,0,ok
2016-06,PPUT,2016-06-30,2016-06-30,2016-06-30,669.99,22,22,0,ok
2016-06,SPY,2016-06-30,2016-06-30,2016-06-30,178.3133298908,22,22,0,ok
2016-07,VIX,2016-07-29,2016-07-29,2016-07-29,11.87,20,20,0,ok
2016-07,PUT,2016-07-29,2016-07-29,2016-07-29,1601.46,20,20,0,ok
2016-07,CNDR,2016-07-29,2016-07-29,2016-07-29,739.65,20,20,0,ok
2016-07,PPUT,2016-07-29,2016-07-29,2016-07-29,690.84,20,20,0,ok
2016-07,SPY,2016-07-29,2016-07-29,2016-07-29,184.8166413671,20,20,0,ok
2016-08,VIX,2016-08-31,2016-08-31,2016-08-31,13.42,23,23,0,ok
2016-08,PUT,2016-08-31,2016-08-31,2016-08-31,1614.01,23,23,0,ok
2016-08,CNDR,2016-08-31,2016-08-31,2016-08-31,746.22,23,23,0,ok
2016-08,PPUT,2016-08-31,2016-08-31,2016-08-31,690.44,23,23,0,ok
2016-08,SPY,2016-08-31,2016-08-31,2016-08-31,185.037966791,23,23,0,ok
2016-09,VIX,2016-09-30,2016-09-30,2016-09-30,13.29,21,21,0,ok
2016-09,PUT,2016-09-30,2016-09-30,2016-09-30,1618.92,21,21,0,ok
2016-09,CNDR,2016-09-30,2016-09-30,2016-09-30,754.57,21,21,0,ok
2016-09,PPUT,2016-09-30,2016-09-30,2016-09-30,686.64,21,21,0,ok
2016-09,SPY,2016-09-30,2016-09-30,2016-09-30,185.0523736832,21,21,0,ok
2016-10,VIX,2016-10-31,2016-10-31,2016-10-31,17.06,21,21,0,ok
2016-10,PUT,2016-10-31,2016-10-31,2016-10-31,1622.28,21,21,0,ok
2016-10,CNDR,2016-10-31,2016-10-31,2016-10-31,758.19,21,21,0,ok
2016-10,PPUT,2016-10-31,2016-10-31,2016-10-31,674.24,21,21,0,ok
2016-10,SPY,2016-10-31,2016-10-31,2016-10-31,181.844114822,21,21,0,ok
2016-11,VIX,2016-11-30,2016-11-30,2016-11-30,13.33,21,21,0,ok
2016-11,PUT,2016-11-30,2016-11-30,2016-11-30,1660.84,21,21,0,ok
2016-11,CNDR,2016-11-30,2016-11-30,2016-11-30,757.76,21,21,0,ok
2016-11,PPUT,2016-11-30,2016-11-30,2016-11-30,694.94,21,21,0,ok
2016-11,SPY,2016-11-30,2016-11-30,2016-11-30,188.5429610353,21,21,0,ok
2016-12,VIX,2016-12-30,2016-12-30,2016-12-30,14.04,21,21,0,ok
2016-12,PUT,2016-12-30,2016-12-30,2016-12-30,1668.39,21,21,0,ok
2016-12,CNDR,2016-12-30,2016-12-30,2016-12-30,739.75,21,21,0,ok
2016-12,PPUT,2016-12-30,2016-12-30,2016-12-30,707.68,21,21,0,ok
2016-12,SPY,2016-12-30,2016-12-30,2016-12-30,192.3672116068,21,21,0,ok
2017-01,VIX,2017-01-31,2017-01-31,2017-01-31,11.99,20,20,0,ok
2017-01,PUT,2017-01-31,2017-01-31,2017-01-31,1701.01,20,20,0,ok
2017-01,CNDR,2017-01-31,2017-01-31,2017-01-31,748.23,20,20,0,ok
2017-01,PPUT,2017-01-31,2017-01-31,2017-01-31,718.35,20,20,0,ok
2017-01,SPY,2017-01-31,2017-01-31,2017-01-31,195.8095631921,20,20,0,ok
2017-02,VIX,2017-02-28,2017-02-28,2017-02-28,12.92,19,19,0,ok
2017-02,PUT,2017-02-28,2017-02-28,2017-02-28,1721.06,19,19,0,ok
2017-02,CNDR,2017-02-28,2017-02-28,2017-02-28,735.17,19,19,0,ok
2017-02,PPUT,2017-02-28,2017-02-28,2017-02-28,745.28,19,19,0,ok
2017-02,SPY,2017-02-28,2017-02-28,2017-02-28,203.5032207065,19,19,0,ok
2017-03,VIX,2017-03-31,2017-03-31,2017-03-31,12.37,23,23,0,ok
2017-03,PUT,2017-03-31,2017-03-31,2017-03-31,1729.66,23,23,0,ok
2017-03,CNDR,2017-03-31,2017-03-31,2017-03-31,745.73,23,23,0,ok
2017-03,PPUT,2017-03-31,2017-03-31,2017-03-31,744.9,23,23,0,ok
2017-03,SPY,2017-03-31,2017-03-31,2017-03-31,203.7592451215,23,23,0,ok
2017-04,VIX,2017-04-28,2017-04-28,2017-04-28,10.82,19,19,0,ok
2017-04,PUT,2017-04-28,2017-04-28,2017-04-28,1746.14,19,19,0,ok
2017-04,CNDR,2017-04-28,2017-04-28,2017-04-28,751.19,19,19,0,ok
2017-04,PPUT,2017-04-28,2017-04-28,2017-04-28,749.7,19,19,0,ok
2017-04,SPY,2017-04-28,2017-04-28,2017-04-28,205.7817954404,19,19,0,ok
2017-05,VIX,2017-05-31,2017-05-31,2017-05-31,10.41,22,22,0,ok
2017-05,PUT,2017-05-31,2017-05-31,2017-05-31,1765.72,22,22,0,ok
2017-05,CNDR,2017-05-31,2017-05-31,2017-05-31,767.1,22,22,0,ok
2017-05,PPUT,2017-05-31,2017-05-31,2017-05-31,758.34,22,22,0,ok
2017-05,SPY,2017-05-31,2017-05-31,2017-05-31,208.6859739807,22,22,0,ok
2017-06,VIX,2017-06-30,2017-06-30,2017-06-30,11.18,22,22,0,ok
2017-06,PUT,2017-06-30,2017-06-30,2017-06-30,1775.68,22,22,0,ok
2017-06,CNDR,2017-06-30,2017-06-30,2017-06-30,768.17,22,22,0,ok
2017-06,PPUT,2017-06-30,2017-06-30,2017-06-30,761.9,22,22,0,ok
2017-06,SPY,2017-06-30,2017-06-30,2017-06-30,210.0162028783,22,22,0,ok
2017-07,VIX,2017-07-31,2017-07-31,2017-07-31,10.26,20,20,0,ok
2017-07,PUT,2017-07-31,2017-07-31,2017-07-31,1793.76,20,20,0,ok
2017-07,CNDR,2017-07-31,2017-07-31,2017-07-31,774.43,20,20,0,ok
2017-07,PPUT,2017-07-31,2017-07-31,2017-07-31,776.3,20,20,0,ok
2017-07,SPY,2017-07-31,2017-07-31,2017-07-31,214.3329104271,20,20,0,ok
2017-08,VIX,2017-08-31,2017-08-31,2017-08-31,10.59,23,23,0,ok
2017-08,PUT,2017-08-31,2017-08-31,2017-08-31,1793.41,23,23,0,ok
2017-08,CNDR,2017-08-31,2017-08-31,2017-08-31,780.59,23,23,0,ok
2017-08,PPUT,2017-08-31,2017-08-31,2017-08-31,776.12,23,23,0,ok
2017-08,SPY,2017-08-31,2017-08-31,2017-08-31,214.9582688398,23,23,0,ok
2017-09,VIX,2017-09-29,2017-09-29,2017-09-29,9.51,20,20,0,ok
2017-09,PUT,2017-09-29,2017-09-29,2017-09-29,1807.1,20,20,0,ok
2017-09,CNDR,2017-09-29,2017-09-29,2017-09-29,777.06,20,20,0,ok
2017-09,PPUT,2017-09-29,2017-09-29,2017-09-29,790.59,20,20,0,ok
2017-09,SPY,2017-09-29,2017-09-29,2017-09-29,219.2877301132,20,20,0,ok
2017-10,VIX,2017-10-31,2017-10-31,2017-10-31,10.18,22,22,0,ok
2017-10,PUT,2017-10-31,2017-10-31,2017-10-31,1817.57,22,22,0,ok
2017-10,CNDR,2017-10-31,2017-10-31,2017-10-31,762.36,22,22,0,ok
2017-10,PPUT,2017-10-31,2017-10-31,2017-10-31,807.92,22,22,0,ok
2017-10,SPY,2017-10-31,2017-10-31,2017-10-31,224.4550403957,22,22,0,ok
2017-11,VIX,2017-11-30,2017-11-30,2017-11-30,11.28,21,21,0,ok
2017-11,PUT,2017-11-30,2017-11-30,2017-11-30,1841.61,21,21,0,ok
2017-11,CNDR,2017-11-30,2017-11-30,2017-11-30,757.51,21,21,0,ok
2017-11,PPUT,2017-11-30,2017-11-30,2017-11-30,830.66,21,21,0,ok
2017-11,SPY,2017-11-30,2017-11-30,2017-11-30,231.3156922235,21,21,0,ok
2017-12,VIX,2017-12-29,2017-12-29,2017-12-29,11.04,20,20,0,ok
2017-12,PUT,2017-12-29,2017-12-29,2017-12-29,1849.34,20,20,0,ok
2017-12,CNDR,2017-12-29,2017-12-29,2017-12-29,750.57,20,20,0,ok
2017-12,PPUT,2017-12-29,2017-12-29,2017-12-29,839.07,20,20,0,ok
2017-12,SPY,2017-12-29,2017-12-29,2017-12-29,234.1115454641,20,20,0,ok
2018-01,VIX,2018-01-31,2018-01-31,2018-01-31,13.54,21,21,0,ok
2018-01,PUT,2018-01-31,2018-01-31,2018-01-31,1866,21,21,0,ok
2018-01,CNDR,2018-01-31,2018-01-31,2018-01-31,727.4,21,21,0,ok
2018-01,PPUT,2018-01-31,2018-01-31,2018-01-31,885.36,21,21,0,ok
2018-01,SPY,2018-01-31,2018-01-31,2018-01-31,247.3058707425,21,21,0,ok
2018-02,VIX,2018-02-28,2018-02-28,2018-02-28,19.85,19,19,0,ok
2018-02,PUT,2018-02-28,2018-02-28,2018-02-28,1825.77,19,19,0,ok
2018-02,CNDR,2018-02-28,2018-02-28,2018-02-28,738.32,19,19,0,ok
2018-02,PPUT,2018-02-28,2018-02-28,2018-02-28,851.34,19,19,0,ok
2018-02,SPY,2018-02-28,2018-02-28,2018-02-28,238.3137275175,19,19,0,ok
2018-03,VIX,2018-03-29,2018-03-29,2018-03-29,19.97,21,21,0,ok
2018-03,PUT,2018-03-29,2018-03-29,2018-03-29,1801.34,21,21,0,ok
2018-03,CNDR,2018-03-29,2018-03-29,2018-03-29,733.9,21,21,0,ok
2018-03,PPUT,2018-03-29,2018-03-29,2018-03-29,834.06,21,21,0,ok
2018-03,SPY,2018-03-29,2018-03-29,2018-03-29,231.7802387323,21,21,0,ok
2018-04,VIX,2018-04-30,2018-04-30,2018-04-30,15.93,21,21,0,ok
2018-04,PUT,2018-04-30,2018-04-30,2018-04-30,1838.22,21,21,0,ok
2018-04,CNDR,2018-04-30,2018-04-30,2018-04-30,753.57,21,21,0,ok
2018-04,PPUT,2018-04-30,2018-04-30,2018-04-30,824.82,21,21,0,ok
2018-04,SPY,2018-04-30,2018-04-30,2018-04-30,232.9781149423,21,21,0,ok
2018-05,VIX,2018-05-31,2018-05-31,2018-05-31,15.43,22,22,0,ok
2018-05,PUT,2018-05-31,2018-05-31,2018-05-31,1874.72,22,22,0,ok
2018-05,CNDR,2018-05-31,2018-05-31,2018-05-31,763.56,22,22,0,ok
2018-05,PPUT,2018-05-31,2018-05-31,2018-05-31,841.48,22,22,0,ok
2018-05,SPY,2018-05-31,2018-05-31,2018-05-31,238.6416032002,22,22,0,ok
2018-06,VIX,2018-06-29,2018-06-29,2018-06-29,16.09,21,21,0,ok
2018-06,PUT,2018-06-29,2018-06-29,2018-06-29,1877.72,21,21,0,ok
2018-06,CNDR,2018-06-29,2018-06-29,2018-06-29,764.82,21,21,0,ok
2018-06,PPUT,2018-06-29,2018-06-29,2018-06-29,846.88,21,21,0,ok
2018-06,SPY,2018-06-29,2018-06-29,2018-06-29,240.015026713,21,21,0,ok
2018-07,VIX,2018-07-31,2018-07-31,2018-07-31,12.83,21,21,0,ok
2018-07,PUT,2018-07-31,2018-07-31,2018-07-31,1926.63,21,21,0,ok
2018-07,CNDR,2018-07-31,2018-07-31,2018-07-31,775.09,21,21,0,ok
2018-07,PPUT,2018-07-31,2018-07-31,2018-07-31,873.5,21,21,0,ok
2018-07,SPY,2018-07-31,2018-07-31,2018-07-31,248.9067659436,21,21,0,ok
2018-08,VIX,2018-08-31,2018-08-31,2018-08-31,12.86,23,23,0,ok
2018-08,PUT,2018-08-31,2018-08-31,2018-08-31,1956.4,23,23,0,ok
2018-08,CNDR,2018-08-31,2018-08-31,2018-08-31,776.62,23,23,0,ok
2018-08,PPUT,2018-08-31,2018-08-31,2018-08-31,899.12,23,23,0,ok
2018-08,SPY,2018-08-31,2018-08-31,2018-08-31,256.8518224899,23,23,0,ok
2018-09,VIX,2018-09-28,2018-09-28,2018-09-28,12.12,19,19,0,ok
2018-09,PUT,2018-09-28,2018-09-28,2018-09-28,1960.52,19,19,0,ok
2018-09,CNDR,2018-09-28,2018-09-28,2018-09-28,771.78,19,19,0,ok
2018-09,PPUT,2018-09-28,2018-09-28,2018-09-28,903.46,19,19,0,ok
2018-09,SPY,2018-09-28,2018-09-28,2018-09-28,258.3796510234,19,19,0,ok
2018-10,VIX,2018-10-31,2018-10-31,2018-10-31,21.23,23,23,0,ok
2018-10,PUT,2018-10-31,2018-10-31,2018-10-31,1850.96,23,23,0,ok
2018-10,CNDR,2018-10-31,2018-10-31,2018-10-31,734.47,23,23,0,ok
2018-10,PPUT,2018-10-31,2018-10-31,2018-10-31,846.13,23,23,0,ok
2018-10,SPY,2018-10-31,2018-10-31,2018-10-31,240.524507968,23,23,0,ok
2018-11,VIX,2018-11-30,2018-11-30,2018-11-30,18.07,21,21,0,ok
2018-11,PUT,2018-11-30,2018-11-30,2018-11-30,1882,21,21,0,ok
2018-11,CNDR,2018-11-30,2018-11-30,2018-11-30,748.45,21,21,0,ok
2018-11,PPUT,2018-11-30,2018-11-30,2018-11-30,851,21,21,0,ok
2018-11,SPY,2018-11-30,2018-11-30,2018-11-30,244.9860718375,21,21,0,ok
2018-12,VIX,2018-12-31,2018-12-31,2018-12-31,25.42,19,19,0,ok
2018-12,PUT,2018-12-31,2018-12-31,2018-12-31,1739.67,19,19,0,ok
2018-12,CNDR,2018-12-31,2018-12-31,2018-12-31,710.94,19,18,1,ok
2018-12,PPUT,2018-12-31,2018-12-31,2018-12-31,808.42,19,18,1,ok
2018-12,SPY,2018-12-31,2018-12-31,2018-12-31,223.442924469,19,19,0,ok
2019-01,VIX,2019-01-31,2019-01-31,2019-01-31,16.57,21,21,0,ok
2019-01,PUT,2019-01-31,2019-01-31,2019-01-31,1787.92,21,21,0,ok
2019-01,CNDR,2019-01-31,2019-01-31,2019-01-31,703.7,21,21,0,ok
2019-01,PPUT,2019-01-31,2019-01-31,2019-01-31,865.65,21,21,0,ok
2019-01,SPY,2019-01-31,2019-01-31,2019-01-31,241.3330209744,21,21,0,ok
2019-02,VIX,2019-02-28,2019-02-28,2019-02-28,14.78,19,19,0,ok
2019-02,PUT,2019-02-28,2019-02-28,2019-02-28,1813.01,19,19,0,ok
2019-02,CNDR,2019-02-28,2019-02-28,2019-02-28,704.37,19,19,0,ok
2019-02,PPUT,2019-02-28,2019-02-28,2019-02-28,890.78,19,19,0,ok
2019-02,SPY,2019-02-28,2019-02-28,2019-02-28,249.1560266926,19,19,0,ok
2019-03,VIX,2019-03-29,2019-03-29,2019-03-29,13.71,21,21,0,ok
2019-03,PUT,2019-03-29,2019-03-29,2019-03-29,1835.01,21,21,0,ok
2019-03,CNDR,2019-03-29,2019-03-29,2019-03-29,711.35,21,21,0,ok
2019-03,PPUT,2019-03-29,2019-03-29,2019-03-29,905.71,21,21,0,ok
2019-03,SPY,2019-03-29,2019-03-29,2019-03-29,253.6604942541,21,21,0,ok
2019-04,VIX,2019-04-30,2019-04-30,2019-04-30,13.12,21,21,0,ok
2019-04,PUT,2019-04-30,2019-04-30,2019-04-30,1864,21,21,0,ok
2019-04,CNDR,2019-04-30,2019-04-30,2019-04-30,705.89,21,21,0,ok
2019-04,PPUT,2019-04-30,2019-04-30,2019-04-30,940,21,21,0,ok
2019-04,SPY,2019-04-30,2019-04-30,2019-04-30,264.0231468443,21,21,0,ok
2019-05,VIX,2019-05-31,2019-05-31,2019-05-31,18.71,22,22,0,ok
2019-05,PUT,2019-05-31,2019-05-31,2019-05-31,1794.19,22,22,0,ok
2019-05,CNDR,2019-05-31,2019-05-31,2019-05-31,708.03,22,22,0,ok
2019-05,PPUT,2019-05-31,2019-05-31,2019-05-31,886.73,22,22,0,ok
2019-05,SPY,2019-05-31,2019-05-31,2019-05-31,247.1860813272,22,22,0,ok
2019-06,VIX,2019-06-28,2019-06-28,2019-06-28,15.08,20,20,0,ok
2019-06,PUT,2019-06-28,2019-06-28,2019-06-28,1879.81,20,20,0,ok
2019-06,CNDR,2019-06-28,2019-06-28,2019-06-28,726.01,20,20,0,ok
2019-06,PPUT,2019-06-28,2019-06-28,2019-06-28,936.38,20,20,0,ok
2019-06,SPY,2019-06-28,2019-06-28,2019-06-28,264.3883815092,20,20,0,ok
2019-07,VIX,2019-07-31,2019-07-31,2019-07-31,16.12,22,22,0,ok
2019-07,PUT,2019-07-31,2019-07-31,2019-07-31,1906.7,22,22,0,ok
2019-07,CNDR,2019-07-31,2019-07-31,2019-07-31,736.51,22,21,1,ok
2019-07,PPUT,2019-07-31,2019-07-31,2019-07-31,946.55,22,21,1,ok
2019-07,SPY,2019-07-31,2019-07-31,2019-07-31,268.3857894617,22,22,0,ok
2019-08,VIX,2019-08-30,2019-08-30,2019-08-30,18.98,22,22,0,ok
2019-08,PUT,2019-08-30,2019-08-30,2019-08-30,1873.58,22,22,0,ok
2019-08,CNDR,2019-08-30,2019-08-30,2019-08-30,733.82,22,22,0,ok
2019-08,PPUT,2019-08-30,2019-08-30,2019-08-30,925.28,22,22,0,ok
2019-08,SPY,2019-08-30,2019-08-30,2019-08-30,263.8920893254,22,22,0,ok
2019-09,VIX,2019-09-30,2019-09-30,2019-09-30,16.24,20,20,0,ok
2019-09,PUT,2019-09-30,2019-09-30,2019-09-30,1890.45,20,20,0,ok
2019-09,CNDR,2019-09-30,2019-09-30,2019-09-30,734.1,20,20,0,ok
2019-09,PPUT,2019-09-30,2019-09-30,2019-09-30,939.49,20,20,0,ok
2019-09,SPY,2019-09-30,2019-09-30,2019-09-30,269.0324262573,20,20,0,ok
2019-10,VIX,2019-10-31,2019-10-31,2019-10-31,13.22,23,23,0,ok
2019-10,PUT,2019-10-31,2019-10-31,2019-10-31,1934.55,23,23,0,ok
2019-10,CNDR,2019-10-31,2019-10-31,2019-10-31,745.52,23,23,0,ok
2019-10,PPUT,2019-10-31,2019-10-31,2019-10-31,953.31,23,23,0,ok
2019-10,SPY,2019-10-31,2019-10-31,2019-10-31,274.9792966157,23,23,0,ok
2019-11,VIX,2019-11-29,2019-11-29,2019-11-29,12.62,20,20,0,ok
2019-11,PUT,2019-11-29,2019-11-29,2019-11-29,1956.28,20,20,0,ok
2019-11,CNDR,2019-11-29,2019-11-29,2019-11-29,731.38,20,20,0,ok
2019-11,PPUT,2019-11-29,2019-11-29,2019-11-29,985.36,20,20,0,ok
2019-11,SPY,2019-11-29,2019-11-29,2019-11-29,284.933052185,20,20,0,ok
2019-12,VIX,2019-12-31,2019-12-31,2019-12-31,13.78,21,21,0,ok
2019-12,PUT,2019-12-31,2019-12-31,2019-12-31,1974.62,21,21,0,ok
2019-12,CNDR,2019-12-31,2019-12-31,2019-12-31,720.17,21,21,0,ok
2019-12,PPUT,2019-12-31,2019-12-31,2019-12-31,1012.83,21,21,0,ok
2019-12,SPY,2019-12-31,2019-12-31,2019-12-31,293.2056668874,21,21,0,ok
2020-01,VIX,2020-01-31,2020-01-31,2020-01-31,18.84,21,21,0,ok
2020-01,PUT,2020-01-31,2020-01-31,2020-01-31,1953.18,21,21,0,ok
2020-01,CNDR,2020-01-31,2020-01-31,2020-01-31,702.18,21,21,0,ok
2020-01,PPUT,2020-01-31,2020-01-31,2020-01-31,1017.09,21,21,0,ok
2020-01,SPY,2020-01-31,2020-01-31,2020-01-31,293.087240439,21,21,0,ok
2020-02,VIX,2020-02-28,2020-02-28,2020-02-28,40.11,19,19,0,ok
2020-02,PUT,2020-02-28,2020-02-28,2020-02-28,1808.96,19,19,0,ok
2020-02,CNDR,2020-02-28,2020-02-28,2020-02-28,683.02,19,19,0,ok
2020-02,PPUT,2020-02-28,2020-02-28,2020-02-28,991.1,19,19,0,ok
2020-02,SPY,2020-02-28,2020-02-28,2020-02-28,269.8847662712,19,19,0,ok
2020-03,VIX,2020-03-31,2020-03-31,2020-03-31,53.54,22,22,0,ok
2020-03,PUT,2020-03-31,2020-03-31,2020-03-31,1566.26,22,22,0,ok
2020-03,CNDR,2020-03-31,2020-03-31,2020-03-31,655.85,22,22,0,ok
2020-03,PPUT,2020-03-31,2020-03-31,2020-03-31,1013.14,22,22,0,ok
2020-03,SPY,2020-03-31,2020-03-31,2020-03-31,236.2456461263,22,22,0,ok
2020-04,VIX,2020-04-30,2020-04-30,2020-04-30,34.15,21,21,0,ok
2020-04,PUT,2020-04-30,2020-04-30,2020-04-30,1648.18,21,21,0,ok
2020-04,CNDR,2020-04-30,2020-04-30,2020-04-30,644.45,21,21,0,ok
2020-04,PPUT,2020-04-30,2020-04-30,2020-04-30,1107.95,21,21,0,ok
2020-04,SPY,2020-04-30,2020-04-30,2020-04-30,266.2449477663,21,21,0,ok
2020-05,VIX,2020-05-29,2020-05-29,2020-05-29,27.51,20,20,0,ok
2020-05,PUT,2020-05-29,2020-05-29,2020-05-29,1721.44,20,20,0,ok
2020-05,CNDR,2020-05-29,2020-05-29,2020-05-29,643.63,20,20,0,ok
2020-05,PPUT,2020-05-29,2020-05-29,2020-05-29,1131.7,20,20,0,ok
2020-05,SPY,2020-05-29,2020-05-29,2020-05-29,278.9302619948,20,20,0,ok
2020-06,VIX,2020-06-30,2020-06-30,2020-06-30,30.43,22,22,0,ok
2020-06,PUT,2020-06-30,2020-06-30,2020-06-30,1739.4,22,22,0,ok
2020-06,CNDR,2020-06-30,2020-06-30,2020-06-30,635.67,22,22,0,ok
2020-06,PPUT,2020-06-30,2020-06-30,2020-06-30,1145.44,22,22,0,ok
2020-06,SPY,2020-06-30,2020-06-30,2020-06-30,283.8843194798,22,22,0,ok
2020-07,VIX,2020-07-31,2020-07-31,2020-07-31,24.46,22,22,0,ok
2020-07,PUT,2020-07-31,2020-07-31,2020-07-31,1810.74,22,22,0,ok
2020-07,CNDR,2020-07-31,2020-07-31,2020-07-31,643.7,22,22,0,ok
2020-07,PPUT,2020-07-31,2020-07-31,2020-07-31,1186.93,22,22,0,ok
2020-07,SPY,2020-07-31,2020-07-31,2020-07-31,300.6028927115,22,22,0,ok
2020-08,VIX,2020-08-31,2020-08-31,2020-08-31,26.41,21,21,0,ok
2020-08,PUT,2020-08-31,2020-08-31,2020-08-31,1847.36,21,21,0,ok
2020-08,CNDR,2020-08-31,2020-08-31,2020-08-31,644.11,21,21,0,ok
2020-08,PPUT,2020-08-31,2020-08-31,2020-08-31,1271.38,21,21,0,ok
2020-08,SPY,2020-08-31,2020-08-31,2020-08-31,321.5839656164,21,21,0,ok
2020-09,VIX,2020-09-30,2020-09-30,2020-09-30,26.37,21,21,0,ok
2020-09,PUT,2020-09-30,2020-09-30,2020-09-30,1867.03,21,21,0,ok
2020-09,CNDR,2020-09-30,2020-09-30,2020-09-30,654.1,21,21,0,ok
2020-09,PPUT,2020-09-30,2020-09-30,2020-09-30,1203.73,21,21,0,ok
2020-09,SPY,2020-09-30,2020-09-30,2020-09-30,309.557269552,21,21,0,ok
2020-10,VIX,2020-10-30,2020-10-30,2020-10-30,38.02,22,22,0,ok
2020-10,PUT,2020-10-30,2020-10-30,2020-10-30,1812.09,22,22,0,ok
2020-10,CNDR,2020-10-30,2020-10-30,2020-10-30,652.81,22,21,1,ok
2020-10,PPUT,2020-10-30,2020-10-30,2020-10-30,1197.24,22,21,1,ok
2020-10,SPY,2020-10-30,2020-10-30,2020-10-30,301.8389047136,22,22,0,ok
2020-11,VIX,2020-11-30,2020-11-30,2020-11-30,20.57,20,20,0,ok
2020-11,PUT,2020-11-30,2020-11-30,2020-11-30,1972.7,20,20,0,ok
2020-11,CNDR,2020-11-30,2020-11-30,2020-11-30,667.9,20,20,0,ok
2020-11,PPUT,2020-11-30,2020-11-30,2020-11-30,1268.55,20,20,0,ok
2020-11,SPY,2020-11-30,2020-11-30,2020-11-30,334.6719968169,20,20,0,ok
2020-12,VIX,2020-12-31,2020-12-31,2020-12-31,22.75,22,22,0,ok
2020-12,PUT,2020-12-31,2020-12-31,2020-12-31,2016.7,22,22,0,ok
2020-12,CNDR,2020-12-31,2020-12-31,2020-12-31,676.18,22,22,0,ok
2020-12,PPUT,2020-12-31,2020-12-31,2020-12-31,1307.38,22,22,0,ok
2020-12,SPY,2020-12-31,2020-12-31,2020-12-31,347.0769480241,22,22,0,ok
2021-01,VIX,2021-01-29,2021-01-29,2021-01-29,33.09,19,19,0,ok
2021-01,PUT,2021-01-29,2021-01-29,2021-01-29,2021.54,19,19,0,ok
2021-01,CNDR,2021-01-29,2021-01-29,2021-01-29,683.08,19,19,0,ok
2021-01,PPUT,2021-01-29,2021-01-29,2021-01-29,1294.71,19,19,0,ok
2021-01,SPY,2021-01-29,2021-01-29,2021-01-29,343.5400827947,19,19,0,ok
2021-02,VIX,2021-02-26,2021-02-26,2021-02-26,27.95,19,19,0,ok
2021-02,PUT,2021-02-26,2021-02-26,2021-02-26,2050.23,19,19,0,ok
2021-02,CNDR,2021-02-26,2021-02-26,2021-02-26,681.43,19,19,0,ok
2021-02,PPUT,2021-02-26,2021-02-26,2021-02-26,1319.52,19,19,0,ok
2021-02,SPY,2021-02-26,2021-02-26,2021-02-26,353.0924038473,19,19,0,ok
2021-03,VIX,2021-03-31,2021-03-31,2021-03-31,19.4,23,23,0,ok
2021-03,PUT,2021-03-31,2021-03-31,2021-03-31,2137.62,23,23,0,ok
2021-03,CNDR,2021-03-31,2021-03-31,2021-03-31,692.3,23,23,0,ok
2021-03,PPUT,2021-03-31,2021-03-31,2021-03-31,1352.13,23,23,0,ok
2021-03,SPY,2021-03-31,2021-03-31,2021-03-31,369.1245787063,23,23,0,ok
2021-04,VIX,2021-04-30,2021-04-30,2021-04-30,18.61,21,21,0,ok
2021-04,PUT,2021-04-30,2021-04-30,2021-04-30,2158.89,21,21,0,ok
2021-04,CNDR,2021-04-30,2021-04-30,2021-04-30,672,21,21,0,ok
2021-04,PPUT,2021-04-30,2021-04-30,2021-04-30,1421.56,21,21,0,ok
2021-04,SPY,2021-04-30,2021-04-30,2021-04-30,388.6551275304,21,21,0,ok
2021-05,VIX,2021-05-28,2021-05-28,2021-05-28,16.76,20,20,0,ok
2021-05,PUT,2021-05-28,2021-05-28,2021-05-28,2205.5,20,20,0,ok
2021-05,CNDR,2021-05-28,2021-05-28,2021-05-28,681.05,20,20,0,ok
2021-05,PPUT,2021-05-28,2021-05-28,2021-05-28,1417.55,20,20,0,ok
2021-05,SPY,2021-05-28,2021-05-28,2021-05-28,391.2070447349,20,20,0,ok
2021-06,VIX,2021-06-30,2021-06-30,2021-06-30,15.83,22,22,0,ok
2021-06,PUT,2021-06-30,2021-06-30,2021-06-30,2254.16,22,22,0,ok
2021-06,CNDR,2021-06-30,2021-06-30,2021-06-30,683.34,22,22,0,ok
2021-06,PPUT,2021-06-30,2021-06-30,2021-06-30,1440.3,22,22,0,ok
2021-06,SPY,2021-06-30,2021-06-30,2021-06-30,399.9985366456,22,22,0,ok
2021-07,VIX,2021-07-30,2021-07-30,2021-07-30,18.24,21,21,0,ok
2021-07,PUT,2021-07-30,2021-07-30,2021-07-30,2278.46,21,21,0,ok
2021-07,CNDR,2021-07-30,2021-07-30,2021-07-30,675.91,21,21,0,ok
2021-07,PPUT,2021-07-30,2021-07-30,2021-07-30,1468.32,21,21,0,ok
2021-07,SPY,2021-07-30,2021-07-30,2021-07-30,409.7634871384,21,21,0,ok
2021-08,VIX,2021-08-31,2021-08-31,2021-08-31,16.48,22,22,0,ok
2021-08,PUT,2021-08-31,2021-08-31,2021-08-31,2325.11,22,22,0,ok
2021-08,CNDR,2021-08-31,2021-08-31,2021-08-31,680.93,22,22,0,ok
2021-08,PPUT,2021-08-31,2021-08-31,2021-08-31,1501.39,22,22,0,ok
2021-08,SPY,2021-08-31,2021-08-31,2021-08-31,421.9579946916,22,22,0,ok
2021-09,VIX,2021-09-30,2021-09-30,2021-09-30,23.14,21,21,0,ok
2021-09,PUT,2021-09-30,2021-09-30,2021-09-30,2296.17,21,21,0,ok
2021-09,CNDR,2021-09-30,2021-09-30,2021-09-30,684.12,21,21,0,ok
2021-09,PPUT,2021-09-30,2021-09-30,2021-09-30,1435.23,21,21,0,ok
2021-09,SPY,2021-09-30,2021-09-30,2021-09-30,402.305168097,21,21,0,ok
2021-10,VIX,2021-10-29,2021-10-29,2021-10-29,16.26,21,21,0,ok
2021-10,PUT,2021-10-29,2021-10-29,2021-10-29,2401.2,21,21,0,ok
2021-10,CNDR,2021-10-29,2021-10-29,2021-10-29,686.62,21,21,0,ok
2021-10,PPUT,2021-10-29,2021-10-29,2021-10-29,1513.33,21,21,0,ok
2021-10,SPY,2021-10-29,2021-10-29,2021-10-29,430.532340142,21,21,0,ok
2021-11,VIX,2021-11-30,2021-11-30,2021-11-30,27.19,21,21,0,ok
2021-11,PUT,2021-11-30,2021-11-30,2021-11-30,2368.66,21,21,0,ok
2021-11,CNDR,2021-11-30,2021-11-30,2021-11-30,672.17,21,21,0,ok
2021-11,PPUT,2021-11-30,2021-11-30,2021-11-30,1511.99,21,21,0,ok
2021-11,SPY,2021-11-30,2021-11-30,2021-11-30,427.0730819273,21,21,0,ok
2021-12,VIX,2021-12-31,2021-12-31,2021-12-31,17.22,22,22,0,ok
2021-12,PUT,2021-12-31,2021-12-31,2021-12-31,2456.08,22,22,0,ok
2021-12,CNDR,2021-12-31,2021-12-31,2021-12-31,683.65,22,22,0,ok
2021-12,PPUT,2021-12-31,2021-12-31,2021-12-31,1547.06,22,22,0,ok
2021-12,SPY,2021-12-31,2021-12-31,2021-12-31,446.8444096561,22,22,0,ok
2022-01,VIX,2022-01-31,2022-01-31,2022-01-31,24.83,20,20,0,ok
2022-01,PUT,2022-01-31,2022-01-31,2022-01-31,2397.86,20,20,0,ok
2022-01,CNDR,2022-01-31,2022-01-31,2022-01-31,691.43,20,20,0,ok
2022-01,PPUT,2022-01-31,2022-01-31,2022-01-31,1457.73,20,20,0,ok
2022-01,SPY,2022-01-31,2022-01-31,2022-01-31,423.2772619766,20,20,0,ok
2022-02,VIX,2022-02-28,2022-02-28,2022-02-28,30.15,19,19,0,ok
2022-02,PUT,2022-02-28,2022-02-28,2022-02-28,2402.78,19,19,0,ok
2022-02,CNDR,2022-02-28,2022-02-28,2022-02-28,699.05,19,19,0,ok
2022-02,PPUT,2022-02-28,2022-02-28,2022-02-28,1398.55,19,19,0,ok
2022-02,SPY,2022-02-28,2022-02-28,2022-02-28,410.7833808913,19,19,0,ok
2022-03,VIX,2022-03-31,2022-03-31,2022-03-31,20.56,23,23,0,ok
2022-03,PUT,2022-03-31,2022-03-31,2022-03-31,2498.24,23,23,0,ok
2022-03,CNDR,2022-03-31,2022-03-31,2022-03-31,707.86,23,23,0,ok
2022-03,PPUT,2022-03-31,2022-03-31,2022-03-31,1425.63,23,23,0,ok
2022-03,SPY,2022-03-31,2022-03-31,2022-03-31,426.21058511,23,23,0,ok
2022-04,VIX,2022-04-29,2022-04-29,2022-04-29,33.4,20,20,0,ok
2022-04,PUT,2022-04-29,2022-04-29,2022-04-29,2393.8,20,20,0,ok
2022-04,CNDR,2022-04-29,2022-04-29,2022-04-29,704.33,20,20,0,ok
2022-04,PPUT,2022-04-29,2022-04-29,2022-04-29,1333.49,20,20,0,ok
2022-04,SPY,2022-04-29,2022-04-29,2022-04-29,388.8024999232,20,20,0,ok
2022-05,VIX,2022-05-31,2022-05-31,2022-05-31,26.19,21,21,0,ok
2022-05,PUT,2022-05-31,2022-05-31,2022-05-31,2351.17,21,21,0,ok
2022-05,CNDR,2022-05-31,2022-05-31,2022-05-31,674.63,21,21,0,ok
2022-05,PPUT,2022-05-31,2022-05-31,2022-05-31,1358.33,21,21,0,ok
2022-05,SPY,2022-05-31,2022-05-31,2022-05-31,389.6801366342,21,21,0,ok
2022-06,VIX,2022-06-30,2022-06-30,2022-06-30,28.71,21,21,0,ok
2022-06,PUT,2022-06-30,2022-06-30,2022-06-30,2277.29,21,21,0,ok
2022-06,CNDR,2022-06-30,2022-06-30,2022-06-30,695.31,21,21,0,ok
2022-06,PPUT,2022-06-30,2022-06-30,2022-06-30,1238.85,21,21,0,ok
2022-06,SPY,2022-06-30,2022-06-30,2022-06-30,357.543498354,21,21,0,ok
2022-07,VIX,2022-07-29,2022-07-29,2022-07-29,21.33,20,20,0,ok
2022-07,PUT,2022-07-29,2022-07-29,2022-07-29,2356.1,20,20,0,ok
2022-07,CNDR,2022-07-29,2022-07-29,2022-07-29,691.23,20,20,0,ok
2022-07,PPUT,2022-07-29,2022-07-29,2022-07-29,1334.1,20,20,0,ok
2022-07,SPY,2022-07-29,2022-07-29,2022-07-29,390.4687763734,20,20,0,ok
2022-08,VIX,2022-08-31,2022-08-31,2022-08-31,25.87,23,23,0,ok
2022-08,PUT,2022-08-31,2022-08-31,2022-08-31,2255.35,23,23,0,ok
2022-08,CNDR,2022-08-31,2022-08-31,2022-08-31,660.26,23,23,0,ok
2022-08,PPUT,2022-08-31,2022-08-31,2022-08-31,1305.68,23,23,0,ok
2022-08,SPY,2022-08-31,2022-08-31,2022-08-31,374.536884505,23,23,0,ok
2022-09,VIX,2022-09-30,2022-09-30,2022-09-30,31.62,21,21,0,ok
2022-09,PUT,2022-09-30,2022-09-30,2022-09-30,2122.15,21,21,0,ok
2022-09,CNDR,2022-09-30,2022-09-30,2022-09-30,642.33,21,21,0,ok
2022-09,PPUT,2022-09-30,2022-09-30,2022-09-30,1225.15,21,21,0,ok
2022-09,SPY,2022-09-30,2022-09-30,2022-09-30,339.9235382673,21,21,0,ok
2022-10,VIX,2022-10-31,2022-10-31,2022-10-31,25.88,21,21,0,ok
2022-10,PUT,2022-10-31,2022-10-31,2022-10-31,2218.93,21,21,0,ok
2022-10,CNDR,2022-10-31,2022-10-31,2022-10-31,657.12,21,21,0,ok
2022-10,PPUT,2022-10-31,2022-10-31,2022-10-31,1265.71,21,21,0,ok
2022-10,SPY,2022-10-31,2022-10-31,2022-10-31,367.5510098947,21,21,0,ok
2022-11,VIX,2022-11-30,2022-11-30,2022-11-30,20.58,21,21,0,ok
2022-11,PUT,2022-11-30,2022-11-30,2022-11-30,2277.8,21,21,0,ok
2022-11,CNDR,2022-11-30,2022-11-30,2022-11-30,659.7,21,21,0,ok
2022-11,PPUT,2022-11-30,2022-11-30,2022-11-30,1325.2,21,21,0,ok
2022-11,SPY,2022-11-30,2022-11-30,2022-11-30,387.9837283185,21,21,0,ok
2022-12,VIX,2022-12-30,2022-12-30,2022-12-30,21.67,21,21,0,ok
2022-12,PUT,2022-12-30,2022-12-30,2022-12-30,2267.98,21,21,0,ok
2022-12,CNDR,2022-12-30,2022-12-30,2022-12-30,676.27,21,21,0,ok
2022-12,PPUT,2022-12-30,2022-12-30,2022-12-30,1240.66,21,21,0,ok
2022-12,SPY,2022-12-30,2022-12-30,2022-12-30,365.645252784,21,21,0,ok
2023-01,VIX,2023-01-31,2023-01-31,2023-01-31,19.4,20,20,0,ok
2023-01,PUT,2023-01-31,2023-01-31,2023-01-31,2349.59,20,20,0,ok
2023-01,CNDR,2023-01-31,2023-01-31,2023-01-31,677.78,20,20,0,ok
2023-01,PPUT,2023-01-31,2023-01-31,2023-01-31,1307.12,20,20,0,ok
2023-01,SPY,2023-01-31,2023-01-31,2023-01-31,388.6397049176,20,20,0,ok
2023-02,VIX,2023-02-28,2023-02-28,2023-02-28,20.7,19,19,0,ok
2023-02,PUT,2023-02-28,2023-02-28,2023-02-28,2350.82,19,19,0,ok
2023-02,CNDR,2023-02-28,2023-02-28,2023-02-28,698.91,19,19,0,ok
2023-02,PPUT,2023-02-28,2023-02-28,2023-02-28,1273.65,19,19,0,ok
2023-02,SPY,2023-02-28,2023-02-28,2023-02-28,378.8682578986,19,19,0,ok
2023-03,VIX,2023-03-31,2023-03-31,2023-03-31,18.7,23,23,0,ok
2023-03,PUT,2023-03-31,2023-03-31,2023-03-31,2421.18,23,23,0,ok
2023-03,CNDR,2023-03-31,2023-03-31,2023-03-31,707.04,23,23,0,ok
2023-03,PPUT,2023-03-31,2023-03-31,2023-03-31,1298.03,23,23,0,ok
2023-03,SPY,2023-03-31,2023-03-31,2023-03-31,392.9337203794,23,23,0,ok
2023-04,VIX,2023-04-28,2023-04-28,2023-04-28,15.78,19,19,0,ok
2023-04,PUT,2023-04-28,2023-04-28,2023-04-28,2455.2,19,19,0,ok
2023-04,CNDR,2023-04-28,2023-04-28,2023-04-28,719.24,19,19,0,ok
2023-04,PPUT,2023-04-28,2023-04-28,2023-04-28,1313.68,19,19,0,ok
2023-04,SPY,2023-04-28,2023-04-28,2023-04-28,399.2108315235,19,19,0,ok
2023-05,VIX,2023-05-31,2023-05-31,2023-05-31,17.94,22,22,0,ok
2023-05,PUT,2023-05-31,2023-05-31,2023-05-31,2490.67,22,22,0,ok
2023-05,CNDR,2023-05-31,2023-05-31,2023-05-31,731.13,22,22,0,ok
2023-05,PPUT,2023-05-31,2023-05-31,2023-05-31,1314.62,22,22,0,ok
2023-05,SPY,2023-05-31,2023-05-31,2023-05-31,401.0536531438,22,22,0,ok
2023-06,VIX,2023-06-30,2023-06-30,2023-06-30,13.59,21,21,0,ok
2023-06,PUT,2023-06-30,2023-06-30,2023-06-30,2552.28,21,21,0,ok
2023-06,CNDR,2023-06-30,2023-06-30,2023-06-30,712.77,21,21,0,ok
2023-06,PPUT,2023-06-30,2023-06-30,2023-06-30,1394.89,21,21,0,ok
2023-06,SPY,2023-06-30,2023-06-30,2023-06-30,427.0476200424,21,21,0,ok
2023-07,VIX,2023-07-31,2023-07-31,2023-07-31,13.63,20,20,0,ok
2023-07,PUT,2023-07-31,2023-07-31,2023-07-31,2592.87,20,20,0,ok
2023-07,CNDR,2023-07-31,2023-07-31,2023-07-31,720.5,20,20,0,ok
2023-07,PPUT,2023-07-31,2023-07-31,2023-07-31,1436.66,20,20,0,ok
2023-07,SPY,2023-07-31,2023-07-31,2023-07-31,441.0262813103,20,20,0,ok
2023-08,VIX,2023-08-31,2023-08-31,2023-08-31,13.57,23,23,0,ok
2023-08,PUT,2023-08-31,2023-08-31,2023-08-31,2532.05,23,23,0,ok
2023-08,CNDR,2023-08-31,2023-08-31,2023-08-31,702.34,23,23,0,ok
2023-08,PPUT,2023-08-31,2023-08-31,2023-08-31,1407.74,23,23,0,ok
2023-08,SPY,2023-08-31,2023-08-31,2023-08-31,433.8587251536,23,23,0,ok
2023-09,VIX,2023-09-29,2023-09-29,2023-09-29,17.52,20,20,0,ok
2023-09,PUT,2023-09-29,2023-09-29,2023-09-29,2479.18,20,20,0,ok
2023-09,CNDR,2023-09-29,2023-09-29,2023-09-29,704.47,20,20,0,ok
2023-09,PPUT,2023-09-29,2023-09-29,2023-09-29,1348.89,20,20,0,ok
2023-09,SPY,2023-09-29,2023-09-29,2023-09-29,413.2967305907,20,20,0,ok
2023-10,VIX,2023-10-31,2023-10-31,2023-10-31,18.14,22,22,0,ok
2023-10,PUT,2023-10-31,2023-10-31,2023-10-31,2482.46,22,22,0,ok
2023-10,CNDR,2023-10-31,2023-10-31,2023-10-31,716.47,22,22,0,ok
2023-10,PPUT,2023-10-31,2023-10-31,2023-10-31,1304.92,22,22,0,ok
2023-10,SPY,2023-10-31,2023-10-31,2023-10-31,404.3246297675,22,22,0,ok
2023-11,VIX,2023-11-30,2023-11-30,2023-11-30,12.92,21,21,0,ok
2023-11,PUT,2023-11-30,2023-11-30,2023-11-30,2557.14,21,21,0,ok
2023-11,CNDR,2023-11-30,2023-11-30,2023-11-30,701.02,21,21,0,ok
2023-11,PPUT,2023-11-30,2023-11-30,2023-11-30,1417.01,21,21,0,ok
2023-11,SPY,2023-11-30,2023-11-30,2023-11-30,441.2571999663,21,21,0,ok
2023-12,VIX,2023-12-29,2023-12-29,2023-12-29,12.45,20,20,0,ok
2023-12,PUT,2023-12-29,2023-12-29,2023-12-29,2592.76,20,20,0,ok
2023-12,CNDR,2023-12-29,2023-12-29,2023-12-29,693.91,20,20,0,ok
2023-12,PPUT,2023-12-29,2023-12-29,2023-12-29,1478.45,20,20,0,ok
2023-12,SPY,2023-12-29,2023-12-29,2023-12-29,461.4061014052,20,20,0,ok
2024-01,VIX,2024-01-31,2024-01-31,2024-01-31,14.35,21,21,0,ok
2024-01,PUT,2024-01-31,2024-01-31,2024-01-31,2629.72,21,21,0,ok
2024-01,CNDR,2024-01-31,2024-01-31,2024-01-31,704.48,21,21,0,ok
2024-01,PPUT,2024-01-31,2024-01-31,2024-01-31,1500.59,21,21,0,ok
2024-01,SPY,2024-01-31,2024-01-31,2024-01-31,468.7546616872,21,21,0,ok
2024-02,VIX,2024-02-29,2024-02-29,2024-02-29,13.4,20,20,0,ok
2024-02,PUT,2024-02-29,2024-02-29,2024-02-29,2673.17,20,20,0,ok
2024-02,CNDR,2024-02-29,2024-02-29,2024-02-29,687.92,20,20,0,ok
2024-02,PPUT,2024-02-29,2024-02-29,2024-02-29,1577.14,20,20,0,ok
2024-02,SPY,2024-02-29,2024-02-29,2024-02-29,493.2175043697,20,20,0,ok
2024-03,VIX,2024-03-28,2024-03-28,2024-03-28,13.01,20,20,0,ok
2024-03,PUT,2024-03-28,2024-03-28,2024-03-28,2722.64,20,20,0,ok
2024-03,CNDR,2024-03-28,2024-03-28,2024-03-28,696.18,20,20,0,ok
2024-03,PPUT,2024-03-28,2024-03-28,2024-03-28,1622.74,20,20,0,ok
2024-03,SPY,2024-03-28,2024-03-28,2024-03-28,509.3575022438,20,20,0,ok
2024-04,VIX,2024-04-30,2024-04-30,2024-04-30,15.65,22,22,0,ok
2024-04,PUT,2024-04-30,2024-04-30,2024-04-30,2701.79,22,22,0,ok
2024-04,CNDR,2024-04-30,2024-04-30,2024-04-30,710.74,22,22,0,ok
2024-04,PPUT,2024-04-30,2024-04-30,2024-04-30,1550.24,22,22,0,ok
2024-04,SPY,2024-04-30,2024-04-30,2024-04-30,488.8203853716,22,22,0,ok
2024-05,VIX,2024-05-31,2024-05-31,2024-05-31,12.92,22,22,0,ok
2024-05,PUT,2024-05-31,2024-05-31,2024-05-31,2741.13,22,22,0,ok
2024-05,CNDR,2024-05-31,2024-05-31,2024-05-31,693.44,22,22,0,ok
2024-05,PPUT,2024-05-31,2024-05-31,2024-05-31,1623.86,22,22,0,ok
2024-05,SPY,2024-05-31,2024-05-31,2024-05-31,513.5447759541,22,22,0,ok
2024-06,VIX,2024-06-28,2024-06-28,2024-06-28,12.44,19,19,0,ok
2024-06,PUT,2024-06-28,2024-06-28,2024-06-28,2784.2,19,19,0,ok
2024-06,CNDR,2024-06-28,2024-06-28,2024-06-28,701.12,19,19,0,ok
2024-06,PPUT,2024-06-28,2024-06-28,2024-06-28,1678.75,19,19,0,ok
2024-06,SPY,2024-06-28,2024-06-28,2024-06-28,531.6650443675,19,19,0,ok
2024-07,VIX,2024-07-31,2024-07-31,2024-07-31,16.36,22,22,0,ok
2024-07,PUT,2024-07-31,2024-07-31,2024-07-31,2828.47,22,22,0,ok
2024-07,CNDR,2024-07-31,2024-07-31,2024-07-31,711.93,22,22,0,ok
2024-07,PPUT,2024-07-31,2024-07-31,2024-07-31,1694.8,22,22,0,ok
2024-07,SPY,2024-07-31,2024-07-31,2024-07-31,538.1030154865,22,22,0,ok
2024-08,VIX,2024-08-30,2024-08-30,2024-08-30,15,22,22,0,ok
2024-08,PUT,2024-08-30,2024-08-30,2024-08-30,2895.99,22,22,0,ok
2024-08,CNDR,2024-08-30,2024-08-30,2024-08-30,720.55,22,22,0,ok
2024-08,PPUT,2024-08-30,2024-08-30,2024-08-30,1729.21,22,22,0,ok
2024-08,SPY,2024-08-30,2024-08-30,2024-08-30,550.6761093107,22,22,0,ok
2024-09,VIX,2024-09-30,2024-09-30,2024-09-30,16.73,20,20,0,ok
2024-09,PUT,2024-09-30,2024-09-30,2024-09-30,2939.43,20,20,0,ok
2024-09,CNDR,2024-09-30,2024-09-30,2024-09-30,731.29,20,20,0,ok
2024-09,PPUT,2024-09-30,2024-09-30,2024-09-30,1760.52,20,20,0,ok
2024-09,SPY,2024-09-30,2024-09-30,2024-09-30,562.2453646183,20,20,0,ok
2024-10,VIX,2024-10-31,2024-10-31,2024-10-31,23.16,23,23,0,ok
2024-10,PUT,2024-10-31,2024-10-31,2024-10-31,2925.44,23,23,0,ok
2024-10,CNDR,2024-10-31,2024-10-31,2024-10-31,736.62,23,23,0,ok
2024-10,PPUT,2024-10-31,2024-10-31,2024-10-31,1749.24,23,23,0,ok
2024-10,SPY,2024-10-31,2024-10-31,2024-10-31,557.2281165235,23,23,0,ok
2024-11,VIX,2024-11-29,2024-11-29,2024-11-29,13.51,20,20,0,ok
2024-11,PUT,2024-11-29,2024-11-29,2024-11-29,3058.39,20,20,0,ok
2024-11,CNDR,2024-11-29,2024-11-29,2024-11-29,749.43,20,20,0,ok
2024-11,PPUT,2024-11-29,2024-11-29,2024-11-29,1830.19,20,20,0,ok
2024-11,SPY,2024-11-29,2024-11-29,2024-11-29,590.4575858386,20,20,0,ok
2024-12,VIX,2024-12-31,2024-12-31,2024-12-31,17.35,21,21,0,ok
2024-12,PUT,2024-12-31,2024-12-31,2024-12-31,3055.4,21,21,0,ok
2024-12,CNDR,2024-12-31,2024-12-31,2024-12-31,764.3,21,21,0,ok
2024-12,PPUT,2024-12-31,2024-12-31,2024-12-31,1781.8,21,21,0,ok
2024-12,SPY,2024-12-31,2024-12-31,2024-12-31,576.2277005713,21,21,0,ok
2025-01,VIX,2025-01-31,2025-01-31,2025-01-31,16.43,20,20,0,ok
2025-01,PUT,2025-01-31,2025-01-31,2025-01-31,3116.43,20,20,0,ok
2025-01,CNDR,2025-01-31,2025-01-31,2025-01-31,772.52,20,20,0,ok
2025-01,PPUT,2025-01-31,2025-01-31,2025-01-31,1825.05,20,20,0,ok
2025-01,SPY,2025-01-31,2025-01-31,2025-01-31,591.7031032586,20,20,0,ok
2025-02,VIX,2025-02-28,2025-02-28,2025-02-28,19.63,19,19,0,ok
2025-02,PUT,2025-02-28,2025-02-28,2025-02-28,3117.24,19,19,0,ok
2025-02,CNDR,2025-02-28,2025-02-28,2025-02-28,777.64,19,19,0,ok
2025-02,PPUT,2025-02-28,2025-02-28,2025-02-28,1803.88,19,19,0,ok
2025-02,SPY,2025-02-28,2025-02-28,2025-02-28,584.1915354993,19,19,0,ok
2025-03,VIX,2025-03-31,2025-03-31,2025-03-31,22.28,21,21,0,ok
2025-03,PUT,2025-03-31,2025-03-31,2025-03-31,2969.26,21,21,0,ok
2025-03,CNDR,2025-03-31,2025-03-31,2025-03-31,739.66,21,21,0,ok
2025-03,PPUT,2025-03-31,2025-03-31,2025-03-31,1735.96,21,21,0,ok
2025-03,SPY,2025-03-31,2025-03-31,2025-03-31,551.6398309809,21,21,0,ok
2025-04,VIX,2025-04-30,2025-04-30,2025-04-30,24.7,21,21,0,ok
2025-04,PUT,2025-04-30,2025-04-30,2025-04-30,2920.96,21,21,0,ok
2025-04,CNDR,2025-04-30,2025-04-30,2025-04-30,729.2,21,21,0,ok
2025-04,PPUT,2025-04-30,2025-04-30,2025-04-30,1713.94,21,21,0,ok
2025-04,SPY,2025-04-30,2025-04-30,2025-04-30,546.8570261752,21,21,0,ok
2025-05,VIX,2025-05-30,2025-05-30,2025-05-30,18.57,21,21,0,ok
2025-05,PUT,2025-05-30,2025-05-30,2025-05-30,2948.97,21,21,0,ok
2025-05,CNDR,2025-05-30,2025-05-30,2025-05-30,718.91,21,21,0,ok
2025-05,PPUT,2025-05-30,2025-05-30,2025-05-30,1815.54,21,21,0,ok
2025-05,SPY,2025-05-30,2025-05-30,2025-05-30,581.2241906037,21,21,0,ok
2025-06,VIX,2025-06-30,2025-06-30,2025-06-30,16.73,20,20,0,ok
2025-06,PUT,2025-06-30,2025-06-30,2025-06-30,3043.44,20,20,0,ok
2025-06,CNDR,2025-06-30,2025-06-30,2025-06-30,723.14,20,20,0,ok
2025-06,PPUT,2025-06-30,2025-06-30,2025-06-30,1890.74,20,20,0,ok
2025-06,SPY,2025-06-30,2025-06-30,2025-06-30,611.0954844284,20,20,0,ok
2025-07,VIX,2025-07-31,2025-07-31,2025-07-31,16.72,22,22,0,ok
2025-07,PUT,2025-07-31,2025-07-31,2025-07-31,3079.95,22,22,0,ok
2025-07,CNDR,2025-07-31,2025-07-31,2025-07-31,718.25,22,22,0,ok
2025-07,PPUT,2025-07-31,2025-07-31,2025-07-31,1928.41,22,22,0,ok
2025-07,SPY,2025-07-31,2025-07-31,2025-07-31,625.1699179372,22,22,0,ok
2025-08,VIX,2025-08-29,2025-08-29,2025-08-29,15.36,21,21,0,ok
2025-08,PUT,2025-08-29,2025-08-29,2025-08-29,3123.14,21,21,0,ok
2025-08,CNDR,2025-08-29,2025-08-29,2025-08-29,727.96,21,21,0,ok
2025-08,PPUT,2025-08-29,2025-08-29,2025-08-29,1960.63,21,21,0,ok
2025-08,SPY,2025-08-29,2025-08-29,2025-08-29,637.9981261318,21,21,0,ok
2025-09,VIX,2025-09-30,2025-09-30,2025-09-30,16.28,21,21,0,ok
2025-09,PUT,2025-09-30,2025-09-30,2025-09-30,3182.24,21,21,0,ok
2025-09,CNDR,2025-09-30,2025-09-30,2025-09-30,735.93,21,21,0,ok
2025-09,PPUT,2025-09-30,2025-09-30,2025-09-30,2024.2,21,21,0,ok
2025-09,SPY,2025-09-30,2025-09-30,2025-09-30,660.7149899586,21,21,0,ok
2025-10,VIX,2025-10-31,2025-10-31,2025-10-31,17.44,23,23,0,ok
2025-10,PUT,2025-10-31,2025-10-31,2025-10-31,3252.47,23,23,0,ok
2025-10,CNDR,2025-10-31,2025-10-31,2025-10-31,743.58,23,23,0,ok
2025-10,PPUT,2025-10-31,2025-10-31,2025-10-31,2052.19,23,23,0,ok
2025-10,SPY,2025-10-31,2025-10-31,2025-10-31,676.4647183211,23,23,0,ok
2025-11,VIX,2025-11-28,2025-11-28,2025-11-28,16.35,19,19,0,ok
2025-11,PUT,2025-11-28,2025-11-28,2025-11-28,3299.88,19,19,0,ok
2025-11,CNDR,2025-11-28,2025-11-28,2025-11-28,750.01,19,19,0,ok
2025-11,PPUT,2025-11-28,2025-11-28,2025-11-28,2042.13,19,19,0,ok
2025-11,SPY,2025-11-28,2025-11-28,2025-11-28,677.7838076613,19,19,0,ok
2025-12,VIX,2025-12-31,2025-12-31,2025-12-31,14.95,22,22,0,ok
2025-12,PUT,2025-12-31,2025-12-31,2025-12-31,3336.14,22,22,0,ok
2025-12,CNDR,2025-12-31,2025-12-31,2025-12-31,767.1,22,22,0,ok
2025-12,PPUT,2025-12-31,2025-12-31,2025-12-31,2037.06,22,22,0,ok
2025-12,SPY,2025-12-31,2025-12-31,2025-12-31,678.3067456674,22,22,0,ok
