mes,fecha_cierre_esperada,SIEMPRE_SPY,SIEMPRE_PUT,SIEMPRE_CNDR,SIEMPRE_PPUT,PUT_VIX_ALTO_30,CNDR_VIX_ALTO_30,PPUT_VIX_ALTO_30,PUT_VIX_ALTO_25,CNDR_VIX_ALTO_25,PPUT_VIX_ALTO_25
2007-01,2007-01-31,10000,10000,10000,10000,10000,10000,10000,10000,10000,10000
2007-02,2007-02-28,9803.82559999727,9864.61643093206,9838.38615393432,9849.72127429577,9803.82559999727,9803.82559999727,9803.82559999727,9803.82559999727,9803.82559999727,9803.82559999727
2007-03,2007-03-30,9917.57068627618,9912.01130675962,9653.56180869964,9856.92787045083,9917.57068627618,9917.57068627618,9917.57068627618,9917.57068627618,9917.57068627618,9917.57068627618
2007-04,2007-04-30,10356.8766735532,10020.5094417819,9457.41876325291,10274.2745713135,10356.8766735532,10356.8766735532,10356.8766735532,10356.8766735532,10356.8766735532,10356.8766735532
2007-05,2007-05-31,10708.1831481897,10213.276941224,9639.37761476302,10600.2670679752,10708.1831481897,10708.1831481897,10708.1831481897,10708.1831481897,10708.1831481897,10708.1831481897
2007-06,2007-06-29,10551.3373823966,10189.8983029234,9680.49744971058,10441.7219525636,10551.3373823966,10551.3373823966,10551.3373823966,10551.3373823966,10551.3373823966,10551.3373823966
2007-07,2007-07-31,10220.9729805269,10054.5147338555,9638.37469195942,10225.3121092011,10220.9729805269,10220.9729805269,10220.9729805269,10220.9729805269,10220.9729805269,10220.9729805269
2007-08,2007-08-31,10352.1366384841,10259.1840855233,9717.31904407129,10098.5608003561,10352.1366384841,10352.1366384841,10352.1366384841,10352.1366384841,10352.1366384841,10352.1366384841
2007-09,2007-09-28,10752.7557737871,10429.2105458912,9788.95638718551,10419.6782466775,10752.7557737871,10752.7557737871,10752.7557737871,10752.7557737871,10752.7557737871,10752.7557737871
2007-10,2007-10-31,10898.6341204694,10720.487125809,9948.13456358531,10483.4778185209,10898.6341204694,10898.6341204694,10898.6341204694,10898.6341204694,10898.6341204694,10898.6341204694
2007-11,2007-11-30,10476.5021325767,10607.2069965888,10138.2600722104,9925.60249263443,10476.5021325767,10476.5021325767,10476.5021325767,10476.5021325767,10476.5021325767,10476.5021325767
2007-12,2007-12-31,10357.7808340256,10739.4025695249,10269.3564101095,9824.92210517391,10357.7808340256,10357.7808340256,10357.7808340256,10357.7808340256,10357.7808340256,10357.7808340256
2008-01,2008-01-31,9731.5384259653,10162.2690031136,9516.01810992034,9489.60342525276,9731.5384259653,9731.5384259653,9731.5384259653,9731.5384259653,9731.5384259653,9731.5384259653
2008-02,2008-02-29,9480.05086761102,10336.3335919152,9669.46529887099,9152.58907564806,9480.05086761102,9480.05086761102,9480.05086761102,9898.22523911736,9888.46091165004,9385.93198212253
2008-03,2008-03-31,9394.4321249845,10465.2349021817,9858.30133532008,8962.4621123805,9394.4321249845,9394.4321249845,9394.4321249845,10021.6630317629,10081.5737371706,9190.95778078481
2008-04,2008-04-30,9842.1923830102,10701.0403494044,9969.91231589203,9324.91150723838,9842.1923830102,9842.1923830102,9842.1923830102,10247.4738000074,10195.7125012681,9562.64772982327
2008-05,2008-05-30,9990.97215365248,10889.1321211864,10124.792251705,9389.77087263401,9990.97215365248,9990.97215365248,9990.97215365248,10402.3800182865,10349.8362684575,9707.20175606157
2008-06,2008-06-30,9156.7354318876,10349.7231756692,10102.5846753396,8636.04569829797,9156.7354318876,9156.7354318876,9156.7354318876,9533.79112908265,9485.63473264956,8896.65959400313
2008-07,2008-07-31,9074.4549610559,10407.8509718075,10363.774428334,8397.8041077598,9074.4549610559,9074.4549610559,9074.4549610559,9448.12251620778,9400.39884287798,8816.71610915867
2008-08,2008-08-29,9214.68873676307,10553.9674611861,10514.3561235601,8470.92986286271,9214.68873676307,9214.68873676307,9214.68873676307,9594.13083290315,9545.66965292085,8952.96686963207
2008-09,2008-09-30,8345.06855146566,10280.9687257579,10555.9057825663,7833.1461031391,8345.06855146566,8345.06855146566,8345.06855146566,8688.70146127495,8644.81372066969,8108.04622927781
2008-10,2008-10-31,6966.57486388576,8466.36132748159,9807.86864576766,7812.79806693656,6872.15062548524,7753.70090247274,8323.39070264705,7155.13177794905,8032.20483262451,8086.98408948967
2008-11,2008-11-28,6481.65536154079,7637.37606665037,9521.17599862456,7906.6957756629,6199.26278637929,7527.05338942259,8423.42494250794,6454.53578944909,7797.41640416667,8184.17708872038
2008-12,2008-12-31,6545.40446413747,7864.78645739243,9859.73408218236,7849.25496513279,6383.85193849911,7794.70360098556,8362.2301817804,6646.72594653022,8074.68030044148,8124.72042327676
2009-01,2009-01-30,6007.9330327089,7760.85778349256,9987.82165167058,7079.84484622395,6299.49297084809,7895.96440891501,7542.53652332655,6558.89324857445,8179.57827897287,7328.30826253755
2009-02,2009-02-27,5362.3865553926,7333.02870259184,10110.8946071408,6475.12664532949,5952.22384634603,7993.26086754074,6898.29795374836,6197.32428950499,8280.36951337831,6702.36779570863
2009-03,2009-03-31,5810.06154845116,7945.65529260491,10297.8680726689,6724.3900888107,6449.49322109873,8141.07446300823,7163.85160177638,6715.07020332402,8433.49240150298,6960.3790081134
2009-04,2009-04-30,6387.26846211382,8282.09515105789,10322.6545933864,7204.47656796456,6722.5816583003,8160.66967528093,7675.31334734056,6999.40386562256,8453.79145103982,7457.31386873993
2009-05,2009-05-29,6760.62637764456,8664.97348649884,10482.4058685311,7446.32145658026,7033.36423544409,8286.96251738533,7932.9636129868,7322.98383569888,8584.62058533792,7707.64617601361
2009-06,2009-06-30,6756.07311237093,8831.81195073483,10664.0781706688,7381.46209118464,7028.62728189258,8281.38126846747,7927.62078146227,7463.98315654812,8733.40205824374,7640.5106054389
2009-07,2009-07-31,7260.11519849357,9233.07439720307,10685.4260989168,7807.92301659636,7553.00348369191,8899.22015521546,8519.0670920951,7803.09999446324,8750.88505466564,8081.93795183209
2009-08,2009-08-31,7528.30096441925,9314.79336471738,10539.7157430225,8048.07223552852,7832.00842630405,9227.95380588301,8833.7580399109,7872.16271913399,8631.5548039202,8330.51508079009
2009-09,2009-09-30,7795.23364738765,9506.49819878218,10662.2155997478,8288.857330592,8109.70973396236,9555.15146699603,9146.97861191403,8034.17722538369,8731.87669613981,8579.75040161647
2009-10,2009-10-30,7645.36789964273,9488.75168698128,10719.8120236117,8184.78560376439,7953.79808740358,9371.45076164292,8971.12515436684,8019.17920845259,8779.04558581501,8472.02633249169
2009-11,2009-11-30,8116.37453540823,10048.3512746671,10940.5983150897,8461.81563831366,8422.87371263616,9564.46607337363,9274.77038489274,8492.11068844757,8959.85966290323,8758.7785898157
2009-12,2009-12-31,8271.17011488636,10342.709584179,11100.7794142931,8533.03376502257,8583.51484760728,9746.87966971124,9451.65890204936,8654.07231174082,9130.74219949777,8925.82610609484
2010-01,2010-01-29,7970.57572360321,10028.0543659607,10946.7591265975,8331.88494881197,8271.56909085846,9392.65441251893,9108.16268388258,8339.56232554355,8798.90887297947,8601.43992762271
2010-02,2010-02-26,8219.21552873595,10344.8349149336,11237.8932890137,8388.26596578986,8529.5982970553,9685.65555118099,9392.28918532608,8599.71256103723,9073.38829120767,8869.75935919551
2010-03,2010-03-31,8719.80884308769,10621.1279130315,11045.7619347814,8829.14008351173,9049.09554915722,10275.5627506069,9964.32883511921,9123.48013938468,9626.00520473377,9409.9742032519
2010-04,2010-04-30,8854.70503117874,10724.1001880918,10945.8994784801,8946.77716780771,9189.08583073555,10434.5265846188,10118.477853857,9264.62115693153,9774.92032799276,9555.54730845364
2010-05,2010-05-28,8151.15806126586,9752.08016747606,10076.508682446,8756.65020454016,8458.97077103346,9605.45553874715,9314.51833073963,8528.5044687529,8998.25802770338,8796.31520178832
2010-06,2010-06-30,7729.38870741494,9361.12557516763,9917.47378073242,8486.61480743551,8119.85609884612,9453.85514562886,9027.27953536378,8186.60223555532,8856.24087413093,8525.05662538191
2010-07,2010-07-30,8257.31149745391,10141.7595613317,10327.2393833457,8620.78467114606,8796.97933393397,9844.46516753724,9169.9970844006,8869.29150032004,9222.15894549779,8659.83423830597
2010-08,2010-08-31,7885.89347779614,10218.377735035,10463.6368846352,8183.30189279129,8401.28678386031,9401.65617840755,8757.52600850553,8470.34631267245,8807.34160288426,8270.31054353584
2010-09,2010-09-30,8592.10504185654,10633.6673644836,10469.5111467706,8779.75370397847,9153.6537663025,10243.6100208232,9541.79555984808,8814.5934204526,8812.28602458596,8873.10410625626
2010-10,2010-10-29,8920.34107079056,10839.1868484533,10429.6807839991,9044.06621590114,9503.34210784991,10634.9369260233,9906.31171371344,9151.32896161541,9148.93341849582,9212.07487558083
2010-11,2010-11-30,8920.34107079056,10929.6196720615,10507.1923892487,9024.98993196126,9503.34210784991,10634.9369260233,9906.31171371344,9151.32896161541,9148.93341849582,9212.07487558083
2010-12,2010-12-31,9516.6145399348,11275.3047192969,10561.9233193879,9532.20712605185,10138.5858414855,11345.8212615758,10568.4916466425,9763.04264205869,9760.48697066653,9827.84907081486
2011-01,2011-01-31,9738.3535506888,11405.6937610916,10588.4291363402,9725.93738739693,10374.8169072182,11610.1811526039,10814.7396031037,9990.52347658391,9987.90825754023,10056.8399080141
2011-02,2011-02-28,10076.6379800592,11525.3498825755,10466.9322024185,10021.8317471756,10735.2103760949,12013.4878805484,11190.4148131259,10337.5676166222,10334.8615518439,10406.1877040089
2011-03,2011-03-31,10077.7155261897,11498.3581819921,10554.7595850765,9900.37940609169,10736.35834672,12014.772543886,11191.6114610758,10338.6730652853,10335.9667111338,10407.3004905669
2011-04,2011-04-29,10369.5808827027,11694.8450102547,10586.8531147917,10136.9253269463,11047.2989610262,12362.7379000057,11515.736870307,10638.0961331651,10635.3113990456,10708.7111088884
2011-05,2011-05-31,10253.2907797127,11815.0324644273,10805.2037366038,9980.07588121834,10923.408560009,12224.0954534217,11386.5931525617,10518.7947545523,10516.0412499514,10588.6178156465
2011-06,2011-06-30,10080.1420011911,11652.5509282382,10861.7972376641,9735.47552936688,10738.9434072991,12017.6654162984,11194.3061358128,10341.162372676,10338.4553668986,10409.8063218147
2011-07,2011-07-29,9878.49333192129,11597.8236613073,11009.3701644793,9561.03351067212,10524.1157146744,11777.2574697992,10970.3691183166,10134.2921092505,10131.639255896,10201.5628673176
2011-08,2011-08-31,9335.41680219805,10667.6726565572,10137.5436987793,9641.57782064054,9945.5456788712,11129.7951593588,10367.2660143942,9321.51703496662,9329.31985776052,10287.503141539
2011-09,2011-09-30,8687.0788366228,10341.4343857263,10214.3389305977,8959.70664914474,9641.39146180772,11214.1070227403,9634.07275972692,9036.44683297284,9399.99252783457,9559.95087266961
2011-10,2011-10-31,9635.24873174427,11269.8851258727,10456.9029743825,9637.55060514212,10506.9925675027,11480.4129643536,10362.9356843231,9847.7361993636,9623.21795775131,10283.2061278279
2011-11,2011-11-30,9596.09353769621,11591.235135968,10624.9641813284,9423.68426630492,10464.2948287836,11433.7594933446,10320.8233560456,10128.5349911646,9777.8803495365,10055.0120839084
2011-12,2011-12-30,9696.27672833252,11971.350541428,10745.6014671328,9395.28179910553,10573.5420385558,11553.1279115985,10428.5727240296,10460.6835620219,9888.89973051104,10024.7068293145
2012-01,2012-01-31,10145.9367327849,12167.6248366152,10665.0810934724,9748.61696941436,11063.8847848846,12088.898464948,10912.1925905931,10945.7925527058,10347.4925307616,10489.5976161391
2012-02,2012-02-29,10586.3253969422,12421.7081283275,10676.3997936844,10115.0935797707,11544.1173714984,12613.6222027679,11385.8409135192,11420.8992961623,10796.6298093605,10944.9030259187
2012-03,2012-03-30,10926.747497898,12609.6936335717,10730.1278010201,10401.8737150003,11915.338975023,13019.2356342396,11751.9728563413,11788.1586035635,11143.8146223275,11296.8558275884
2012-04,2012-04-30,10853.8042222234,12671.1156923796,10845.6071981202,10284.4485894148,11835.796196554,12932.3236145261,11673.5206549021,11709.4648382979,11069.4222798468,11221.4418337127
2012-05,2012-05-31,10201.9706949047,12221.1831716311,10824.5458192447,9616.77865151868,11124.9883889442,12155.6630128153,10972.4584292603,11006.2439571866,10404.6396448995,10547.5295480006
2012-06,2012-06-29,10615.4439557186,12639.3419975984,10969.3965270216,9888.08580088599,11575.8704158834,12648.3170081629,11417.1586054877,11452.3134190959,10826.3268277218,10975.0078819582
2012-07,2012-07-31,10741.0197438808,12798.848070731,11025.4169293369,9989.19010576739,11712.807604493,12797.9407435291,11552.2183068471,11587.7889856274,10954.3972626432,11104.8371449276
2012-08,2012-08-31,11010.110718507,12935.6131047894,11018.6830190842,10178.6811929036,12006.2444372199,13118.5630335911,11841.6319526096,11878.0937710441,11228.8339088961,11383.0427084259
2012-09,2012-09-28,11289.2865546397,13055.6942924243,10928.9930655052,10420.5260815193,12310.6785537579,13451.2014508966,12141.8921031264,12179.2784589165,11513.5557591534,11671.6747255879
2012-10,2012-10-31,11083.8414565403,13099.0510398181,11010.3730872829,10207.5075775239,12086.6459232718,13206.4133158573,11920.9310882593,11957.6370783331,11304.0293572002,11459.270837408
2012-11,2012-11-30,11146.5727842021,12847.0930788604,10500.4584789959,10269.3995209733,12155.0528333417,13281.1577845692,11988.4001004302,12025.3138357609,11368.0068845121,11524.1269864684
2012-12,2012-12-31,11246.8731711482,12945.8146924115,10418.2188091008,10334.6828037898,12264.4278426954,13400.6658423976,12096.2755157903,12133.5214125853,11470.2998055198,11627.8247255256
2013-01,2013-01-31,11822.6031438884,13228.4836827731,10428.5345865093,10814.9812416541,12892.2466684347,14086.6489474562,12715.4865860129,12754.6391086602,12057.4670380352,12223.055694203
2013-02,2013-02-28,11973.4459762566,13287.0365450623,10386.2685540719,10951.2706924691,13056.736923194,14266.3784029704,12877.7215852115,12917.3736490629,12211.3064638425,12379.0078410076
2013-03,2013-03-28,12428.1430949764,13501.3761516636,10384.6925325234,11329.6169906102,13552.5725139363,14808.1506853409,13366.7589861471,13407.9168553632,12675.0364439939,12849.1063580993
2013-04,2013-04-30,12666.9170192556,13657.3754290511,10419.7948306493,11491.9773628097,13812.9493778412,15092.6501655477,13623.5659341864,13665.5145430868,12918.5537714809,13095.9679789511
2013-05,2013-05-31,12965.9793762315,13580.9697884233,10219.9266433606,11773.8824476992,14139.0692372707,15448.9834015403,13945.2145036449,13988.1535074323,13223.5572015772,13405.1601087102
2013-06,2013-06-28,12792.7486140341,13589.4711114417,10406.9001088888,11486.0425189173,13950.1655170301,15242.5786948716,13758.9007615531,13801.2660827718,13046.8850947876,13226.0617131609
2013-07,2013-07-31,13453.8375431587,13782.7699435725,10168.6343056909,12031.6242395981,14671.0661038397,16030.2671213788,14469.9173886138,14514.4720161092,13721.1069962688,13909.5428975638
2013-08,2013-08-30,13050.3260858111,13588.7272456776,10247.5786578027,11684.859789313,14231.0471690627,15549.4826294397,14035.9313653362,14079.1496973237,13309.5795147806,13492.3637910353
2013-09,2013-09-30,13463.777675279,13739.2006631032,10166.3419107112,12020.8143453655,14681.9055639528,16042.1108033468,14480.6082335234,14525.1957794246,13731.2445957412,13919.8197196
2013-10,2013-10-31,14087.241697145,14190.3021157668,10374.3767551149,12486.0637147884,15361.7771506892,16784.969097794,15151.1583915905,15197.810642611,14367.0941460947,14564.4015743617
2013-11,2013-11-29,14504.7542362086,14342.3695312583,10292.280359906,12842.3663070434,15817.0639073588,17282.4358990873,15600.202906182,15648.2378196283,14792.9008501224,14996.056004092
2013-12,2013-12-31,14880.3671882413,14535.0307641627,10341.1370279099,13131.2660293775,16226.6602348789,17729.9792811162,16004.1834335647,16053.4622519642,15175.9756038863,15384.3916334185
2014-01,2014-01-31,14355.8602284933,14257.4625676121,10371.2247120179,12749.9523092901,15654.6987960924,17105.0284709991,15440.0639135423,15487.6057396424,14641.0489636691,14842.11869209
2014-02,2014-02-28,15009.2782689756,14847.348118551,10586.1367413605,13189.1307573285,16367.2344748237,17883.5770224631,16142.8303202034,16192.5360491528,15307.4475891905,15517.6691612386
2014-03,2014-03-31,15134.0156267843,14960.8407808465,10646.025560204,13265.2239343776,16503.2573765541,18032.2017668361,16276.9882700802,16327.1070875995,15434.6629377804,15646.6315947304
2014-04,2014-04-30,15239.2197352026,15079.7530365663,10755.6306951688,13311.6428919646,16617.9797688864,18157.5526159751,16390.137752737,16440.6049712123,15541.9569959571,15755.3991530089
2014-05,2014-05-30,15592.8673919448,15337.8744567123,10782.5663361797,13574.4716929142,17003.6235030915,18578.9243165208,16770.4940905714,16822.1324722603,15902.6300991942,16121.0254835111
2014-06,2014-06-30,15914.6008395045,15384.419200238,10585.7069173018,13844.083172598,17354.4656075708,18962.2701901215,17116.5259489471,17169.2298046215,16230.7549962047,16453.656613927
2014-07,2014-07-31,15700.7473743091,15299.4059700541,10609.4905152158,13668.581360351,17121.263867595,18707.4634733823,16886.5215383304,16938.5171825782,16012.6531893369,16232.5595523351
2014-08,2014-08-29,16320.3532316428,15842.3217113163,10699.8968422259,14097.3738315776,17796.9282244826,19445.7247591432,17552.9221500785,17606.9697224901,16644.5679301473,16873.1525596846
2014-09,2014-09-30,16095.2760516813,15684.3033697119,10542.0081380022,13936.0732529303,17551.4873103131,19177.5449698351,17310.8463713531,17364.1485631342,16415.0194419362,16640.4516161885
2014-10,2014-10-31,16474.3344258549,15288.7793162811,9766.89208550633,14300.8541936031,17964.8407826495,19629.1935773871,17718.5325309458,17773.0900377704,16801.6080634491,17032.3493702185
2014-11,2014-11-28,16926.9170536439,15338.8308555519,9702.41847670354,14666.6949278281,18458.3705750557,20168.4464407192,18205.2957473604,18261.3520570603,17263.1815468975,17500.2617748189
2014-12,2014-12-31,16883.5814060279,15461.8875062432,9799.84526333887,14596.3246359609,18411.1141585287,20116.8119531662,18158.6872433575,18214.6000398307,17218.9850077477,17455.4582719095
2015-01,2015-01-30,16383.3332267807,15163.0660021466,9920.48254914322,14060.0690985396,17865.6063000818,19520.7655155167,17620.6586099441,17674.9147511165,16708.7990648805,16938.2657990299
2015-02,2015-02-27,17304.1513038561,15562.7344505489,9953.29245228953,14734.097797749,18869.7348868175,20617.9216019017,18611.0200189087,18668.3256027611,17647.9098070102,17890.2736185717
2015-03,2015-03-31,17031.7011387478,15528.9416915508,9995.27193535446,14500.731257551,18572.6349426949,20293.2968314643,18317.9934851049,18374.3968047834,17370.0472377166,17608.5950828479
2015-04,2015-04-30,17199.1881964048,15814.5861449688,10183.6781477449,14560.0796964751,18755.2752998823,20492.8579057677,18498.1297384366,18555.087719448,17540.8615374455,17781.7552243907
2015-05,2015-05-29,17420.3041148866,15986.3128699404,10301.1633904522,14709.2986286271,18996.3965596159,20756.3178462257,18735.9450876614,18793.6353309251,17766.3700710765,18010.3607314507
2015-06,2015-06-30,17070.1513536625,15937.2177295092,10295.432403003,14453.4644651222,18614.5639196809,20339.1103188042,18359.3475918127,18415.8782457925,17409.2612917871,17648.3476747802
2015-07,2015-07-31,17448.2167777899,16391.5071783046,10543.0110608058,14625.5749380021,19026.8346053612,20789.5758249231,18765.9658103742,18823.7484910777,17794.837237639,18039.2188457837
2015-08,2015-08-31,16377.8605002849,15730.5293136244,10372.5141841939,13723.0547489349,17859.6384316628,19514.244753888,17614.7725644177,17669.0105817432,16703.2176190239,16932.6077015751
2015-09,2015-09-30,15968.578742292,15702.7937472769,10477.1047051407,13274.1262002162,17413.3271314596,19026.5849402856,17174.5804476461,17637.8571472011,16871.6433450569,16378.6835833257
2015-10,2015-10-30,17330.4795547001,16422.0056746331,10552.6104647831,14187.456283516,18898.4451716928,20649.2917513118,18639.3366693423,19142.1245191177,18310.563185646,17775.5607154922
2015-11,2015-11-30,17393.8237785271,16520.833554722,10661.069402258,14187.8802009369,18967.5204293715,20724.7664867012,18707.4648656937,19212.0904433863,18377.489689853,17840.5317448891
2015-12,2015-12-31,17095.0115721591,16451.7603051975,10818.9581064817,13846.4147184129,18641.6733527887,20368.7313055241,18386.0853390729,18882.0418464001,18061.7788771157,17534.0454471465
2016-01,2016-01-29,16243.9086616665,15688.6602977588,10468.508223967,13340.2573178745,17713.5673740335,19354.6409421454,17470.7042246117,17941.9687318731,17162.5438864812,16661.0845222718
2016-02,2016-02-29,16230.4920082273,15927.8662741889,10600.0343859247,13241.9084762288,17698.936856245,19338.6549799383,17456.2742995978,17927.1495660241,17148.3684864432,16647.3233025055
2016-03,2016-03-31,17321.8714002066,16248.7912181333,10391.2831680899,14061.7647682231,18889.0581991505,20639.0351226354,18630.0783975674,19132.616509563,18301.468217658,17766.7314864818
2016-04,2016-04-29,17390.1405755582,16328.809921044,10482.6924179036,14093.1346573687,18963.5039906375,20720.3779449737,18703.5034946341,19208.0222160971,18373.59819219,17836.7539499473
2016-05,2016-05-31,17685.9738934876,16516.476626675,10579.6893804803,14255.0711121474,19286.1026654868,21072.863776217,19021.6791569688,19534.7805259774,18686.1616526106,18140.1848554754
2016-06,2016-06-30,17747.8292061124,16803.3962785459,10773.969855006,14201.0216409843,19353.5543035403,21146.5644717302,19088.2059944497,19603.1018954292,18751.51504382,18203.6287354712
2016-07,2016-07-29,18395.1148657219,17018.1609512981,10597.3121668864,14642.9555522584,20059.4027776084,21917.80628241,19784.3768818517,20318.0516841281,19435.4063886632,18867.5379773557
2016-08,2016-08-31,18417.1437618496,17151.5254561491,10691.4436357384,14634.4772038407,20083.4247260113,21944.0537443838,19808.0694755899,20342.383375087,19458.6810760821,18890.1326193203
2016-09,2016-09-30,18418.5777043502,17203.7023261745,10811.0779987392,14553.9328938723,20084.9884036719,21945.7622889718,19809.6117143346,20343.9672150386,19460.1961117555,18891.6033883144
2016-10,2016-10-31,18099.254239568,17239.4078828518,10862.9434351539,14291.1040929227,19736.774323838,21565.2879133773,19466.171848882,19991.2632113529,19122.8140756671,18564.0790622736
2016-11,2016-11-30,18766.0018043433,17649.1716523384,10856.7826236461,14729.8586235401,20463.8455082501,22359.7186125433,20183.2744711196,20727.7093591622,19827.2679469613,19247.9500297308
2016-12,2016-12-30,19146.6359724446,17729.4028883245,10598.7449137486,14999.8940206448,20878.9173436042,22813.2447808662,20592.6554339892,21148.1331921571,20229.4279658827,19638.3596398123
2017-01,2017-01-31,19489.2590844728,18076.0443343996,10720.2418476704,15226.0539646877,21252.5390934688,23221.4807202516,20961.1546157709,21526.572476129,20591.4273047846,19989.7819943504
2017-02,2017-02-28,20255.0219111752,18289.1087425481,10533.125107456,15796.8587719112,22087.5838912355,24133.8882489052,21784.7504713109,22372.3844650346,21400.4960082384,20775.2111324624
2017-03,2017-03-31,20280.5044569433,18380.4979649958,10684.4231761133,15788.8043409144,22115.3719563329,24164.2507394798,21812.1575461276,22400.5308335537,21427.419658155,20801.3481206547
2017-04,2017-04-28,20481.8123324824,18555.6252191747,10762.651154794,15890.5445219271,22334.8930513203,24404.1093677839,22028.6688812305,22622.8824660105,21640.1120169089,21007.8259825543
2017-05,2017-05-31,20770.8701653929,18763.69510005,10990.6011805834,16073.6768477501,22650.1032328658,24748.5221987118,22339.5573507345,22942.1570142615,21945.516821035,21304.3073951415
2017-06,2017-06-30,20903.2701115669,18869.536571629,11005.9315720099,16149.1341486678,22794.4819914343,24906.2769283357,22481.9565938685,23088.3974138989,22085.404328045,21440.1076350895
2017-07,2017-07-31,21332.9193607607,19061.6664718447,11095.6215255889,16454.3546917061,23263.0035204157,25418.2046375103,22944.0544244668,23562.9601287767,22539.3513582007,21880.7911309677
2017-08,2017-08-31,21395.1623479115,19057.9471430241,11183.8787323056,16450.5394349181,23330.877907635,25492.3672477885,23010.9982149803,23631.7096983845,22605.1143479374,21944.6326417419
2017-09,2017-09-29,21826.0809970211,19203.4260331764,11133.3027680669,16757.2436889294,23800.7836847921,26005.8074488205,23474.4613149194,24107.6745101389,23060.402565871,22386.6181382487
2017-10,2017-10-31,22340.3921839916,19314.6870981797,10922.6889793111,17124.5681341275,24361.6268938604,26618.6099807526,24027.6150425179,24675.7493145026,23603.7993862754,22914.1378587386
2017-11,2017-11-30,23023.2445369647,19570.1518548824,10853.2007564903,17606.5622416753,25106.2599383351,27432.2295586244,24762.0387416628,25429.9837675958,24325.2688133687,23614.5272173641
2017-12,2017-12-29,23301.5205684308,19652.2958885477,10753.7681242478,17784.8195171581,25409.7128408737,27763.7958573529,25061.3311311858,25737.3494367453,24619.2820771753,23899.949930416
2018-01,2018-01-31,24614.7742195984,19829.3359404057,10421.8006762565,18765.9763877997,26841.7823946781,29328.5395045695,26473.7661915714,27187.8843072023,26006.8036332053,25246.9305455508
2018-02,2018-02-28,23719.7709001498,19401.8256591182,10578.256633618,18044.8928548719,25865.8041415838,28262.1417396747,25511.1691590584,26199.3216461499,25061.1855514666,24328.9417619622
2018-03,2018-03-29,23069.4816416249,19142.216507444,10514.929222305,17678.628203226,25156.6803196386,27487.3211364917,24811.7678306737,25481.0542767538,24374.1207463882,23661.9517827723
2018-04,2018-04-30,23188.7082995431,19534.127498592,10796.7505301163,17482.7783547765,25286.6939439333,27629.3798738807,24939.9988937487,25612.7443159512,24500.0899814768,23784.2404182391
2018-05,2018-05-31,23752.4049248801,19922.0003613062,10939.8819416585,17835.9015663749,25901.3907117736,28301.0252278983,25546.2678169983,26235.3670748395,25095.6651150551,24362.4138933105
2018-06,2018-06-29,23889.1041046203,19953.8803226252,10957.9345521233,17950.3592700142,26050.4576747035,28463.9025006081,25693.290986528,26386.3561292388,25240.094988456,24502.623779688
2018-07,2018-07-31,24774.1140436228,20473.6299586623,11105.0776548799,18514.593357214,27015.5384017457,29518.3931380767,26645.1399043098,27363.8807499263,26175.1545381286,25410.3625329578
2018-08,2018-08-31,25564.8990438412,20789.9854414843,11126.9986818729,19057.6315733695,27877.8692404311,30460.6146230928,27495.6476935266,28237.3306099982,27010.6604840003,26221.4564637354
2018-09,2018-09-28,25716.9664180828,20833.7672550291,11057.6537337383,19149.6216537019,28043.6948268172,30641.8031220412,27659.1997161909,28405.2943760234,27171.3276632171,26377.4292303947
2018-10,2018-10-31,23939.813641047,19669.5110676599,10523.09587942,17934.462366731,26105.7551285804,28524.3229874702,25747.8302806554,26442.3665966654,25293.6722808745,24554.6356377997
2018-11,2018-11-30,24383.8806863797,19999.3624007736,10723.3938907674,18037.6862587168,26589.9988958858,29053.4295218437,26225.4347886895,26932.8542747337,25762.8524709877,25010.1072074782
2018-12,2018-12-31,22239.6545632268,18486.8707692635,10185.9705427245,17135.1660696496,24251.7750921983,26498.5809581891,23919.269371945,24564.481067461,23497.3647914124,22810.8130956478
2019-01,2019-01-31,24020.2863166305,18999.6068138104,10082.2396698951,18348.2057695161,26193.5085252786,28620.2062981937,25834.3805280475,25245.7805159225,23258.0746669436,24425.6455261467
2019-02,2019-02-28,24798.9233902025,19266.2295569748,10091.8390738724,18880.8580088599,27042.5923603279,29547.9535108331,26671.8229376318,26064.1429784611,24012.0040313513,25217.4226474468
2019-03,2019-03-29,25247.2607130203,19500.0159399807,10191.8448048599,19197.3123635516,27531.4927561279,30082.1480870793,27154.020229118,26535.3540830981,24446.1147156547,25673.3259776127
2019-04,2019-04-30,26278.6731621388,19808.0826328597,10113.6168261791,19924.1187816613,28656.2216799609,31311.0775296006,28263.3284755166,27619.3883018662,25444.7983881888,26722.144236535
2019-05,2019-05-31,24602.8513752168,19066.2359329671,10144.277609032,18795.0147311304,26828.7808375011,29314.3334180406,26460.9428931865,25858.0675391265,23822.1537729272,25018.0417794377
2019-06,2019-06-28,26315.025589951,19976.0900290108,10401.8854948708,19847.3897284809,28695.8630737087,31354.3915005378,28302.4263630621,27657.5953990535,25479.9972808762,26759.1101371096
2019-07,2019-07-31,26712.8944068901,20261.8407489666,10552.3239154106,20062.9517370016,29129.7288532861,31828.4527781726,28730.3435944205,28075.7631383623,25865.2409257703,27163.6932698982
2019-08,2019-08-30,26265.6287842281,19909.885976005,10513.7830248152,19612.1155598889,28641.9971191248,31295.5351342305,28249.2989415529,27605.6784110947,25432.1679344368,26708.8797255813
2019-09,2019-09-30,26777.2552677058,20089.1576251554,10517.7947160296,19913.3088874287,29199.9127276267,31905.138838022,28799.5652076648,28143.4076345416,25927.5594879535,27229.1402654636
2019-10,2019-10-31,27369.1573958104,20557.7930565444,10681.4144077024,20206.2358252612,29845.3668756026,32610.391089864,29436.1698097601,28765.5080964619,26500.6793795947,27831.0311578816
2019-11,2019-11-29,28359.8716285125,20788.7102430316,10478.8240013754,20885.5634922317,30925.715434247,33790.8285479663,30501.7061711839,29806.7677110687,27459.9562713875,28838.4643893888
2019-12,2019-12-31,29183.2590494983,20983.6030732283,10318.2130781134,21467.8140698192,31823.5983798081,34771.8958650379,31387.2786275383,30672.1636449792,28257.2159653259,29675.7470516592
2020-01,2020-01-31,29171.471863532,20755.7676163353,10060.4619175884,21558.108480468,31810.744754667,34757.8514157094,31374.6012329563,30659.7750869961,28245.8028103076,29663.7609486475
2020-02,2020-02-28,26862.0901199376,19223.1916091942,9785.94761877471,21007.2277920261,29292.422966509,32006.2196886057,28890.8070782114,28232.5706874424,26009.7023609216,27315.4067654362
2020-03,2020-03-31,23513.9312394927,16644.1027384887,9396.67029629205,21474.3847898429,25362.3907634908,30733.0373675325,29533.2784615267,24444.7340819662,24975.056796888,27922.8445266209
2020-04,2020-04-30,26499.8127893209,17514.6382155723,9233.33715399163,23483.965323555,26688.9183204387,30198.8349950543,32297.013119064,25723.2654982027,24540.9397770138,30535.8742062002
2020-05,2020-05-29,27762.4037043756,18293.1468709818,9221.5886297209,23987.3672608576,27875.2148148479,30160.4099121216,32989.3314200503,26866.639662674,24509.7138159351,31190.440759201
2020-06,2020-06-30,28255.4894774633,18484.0015727448,9107.54197948306,24278.5985290066,28370.3042168076,30696.086476605,33575.2522272006,27146.9426928939,24206.5935108299,31569.1247355476
2020-07,2020-07-31,29919.5175255504,19242.1070529101,9222.5915525245,25158.0152186354,29533.8879254583,31083.8498985175,34791.4112708053,28260.3512772971,24512.3794467589,32712.6180527688
2020-08,2020-08-31,32007.7994207132,19631.2551140771,9228.46581465986,26948.0065283283,31595.2541689425,33253.398285105,37219.7349963448,30232.8289375042,26223.2612536702,34995.8489893852
2020-09,2020-09-30,30810.7618924728,19840.2813937919,9371.59722620207,25514.10585218,30413.6451349256,32009.7774673915,35827.7798982709,30554.7368196716,26629.9780876336,33133.7234375188
2020-10,2020-10-30,30042.5399037619,19256.4530355037,9353.1147916786,25376.5446491024,29655.3246808244,31211.6597515748,34934.4657887204,29655.6204472122,26577.4590970617,32955.0804983967
2020-11,2020-11-30,33310.4734413991,20963.1998979841,9569.31629319731,26888.0222132729,32283.7491503525,31933.1314595009,37015.2321809171,32284.0711312438,27191.809149565,34917.9507586124
2020-12,2020-12-31,34545.1593477774,21430.7726639958,9687.94773339446,27711.0578859238,33480.3784973089,33116.7648122039,38387.2386633677,33480.712412743,28199.7006640749,36212.2194142985
2021-01,2021-01-29,34193.1291318935,21482.2056682571,9786.80726689208,27442.5061997923,33139.1988619329,32779.2905586088,37996.0559862868,33139.5293746233,27912.3334352052,35843.2011304425
2021-02,2021-02-26,35143.8879039232,21787.0843650043,9763.16694366439,27968.3757604019,33609.5153609133,32700.1112100381,38724.1589197775,33609.8505642895,27844.9103659189,36530.0497838446
2021-03,2021-03-31,36739.5975537531,22715.7476382262,9918.9065275947,28659.5731151572,35135.5567634507,34184.8610803717,40482.4309196987,35042.4531702475,28289.0853738838,37432.8363452087
2021-04,2021-04-30,38683.5063184206,22941.7765639778,9628.05891455098,30131.2024417643,36994.5950026152,35993.5975798897,42624.3746947962,36896.5652560816,29785.8737075683,39413.4246886535
2021-05,2021-05-28,38937.5029810444,23437.084896337,9757.72250558771,30046.2069988766,37237.5022403521,36229.9322488792,42904.247176618,37138.8288285764,29981.4483396293,39672.2140096393
2021-06,2021-06-30,39812.5351336803,23954.1778689309,9790.53240873403,30528.4130651349,38074.3307283016,37044.1178842812,43868.4229169692,37973.4398551763,30655.2134573499,40563.7571278918
2021-07,2021-07-30,40784.4572757798,24212.4055556146,9684.07931686629,31122.3213717968,39003.8190152495,37948.4561356733,44939.3592798214,38900.4651471604,31403.5827995669,41554.0184510395
2021-08,2021-08-31,41998.1973671088,24708.1389541247,9756.00320935297,31823.2688272325,40164.5675458389,39077.7972055926,46276.748709028,40058.1378802115,32338.1492986984,42790.6605818594
2021-09,2021-09-30,40042.1180878317,24400.6035939343,9801.70783425984,30420.9499989402,38293.890153407,37257.7364842837,44121.3945524961,38192.4174830005,30831.9898028412,40797.6720785883
2021-10,2021-10-29,42851.6165629766,25516.7210397118,9837.52650581695,32076.3475275016,40980.7266928072,39871.8727697404,47217.1096803673,40872.1343362704,32995.2726778071,43660.1829288594
2021-11,2021-11-30,42507.3107053498,25170.9297259386,9630.49458421686,32047.9450603023,40651.4531348447,39551.5086749811,46837.7277865882,40543.7333004541,32730.1609604868,43309.3803703289
2021-12,2021-12-31,44475.184604198,26099.9117987737,9794.9739240071,32791.2842578266,42533.41019698,41382.5438614007,49006.0781353433,42040.0785611186,33289.1597968323,44313.9240310591
2022-01,2022-01-31,42129.5062853245,25481.22801611,9906.44162989283,30897.8570974374,40290.1435525647,39199.9753846335,46421.4346763424,39822.8308603581,31533.4467832977,41976.750801787
2022-02,2022-02-28,40885.9690368239,25533.5111526731,10015.6169407989,29643.4854490345,39100.8988005439,38042.9091422485,45051.2125152302,38647.3797838559,30602.6735769119,40737.7224391111
2022-03,2022-03-31,42421.4649291892,26547.9315218431,10141.8419393662,30217.4696369147,40654.3376503345,38522.3570065546,45923.5351600498,40182.8007854319,30988.3535056904,41526.5233569554
2022-04,2022-04-29,38698.1745434978,25438.0838017917,10091.2659751275,28264.482078891,37086.1462933692,35141.2875004428,41892.8715037195,36655.9957567916,28268.53610031,37881.7811156342
2022-05,2022-05-31,38785.5272190459,24985.0695514489,9665.74015702905,28790.987515632,36425.6974603479,33659.4590411082,42673.2440060647,36003.2072618831,27076.5159930034,38587.435783395
2022-06,2022-06-30,35586.912915758,24199.9723707002,9962.03220814946,26258.5048432565,33421.6966059598,30883.5878631356,39154.0125186437,34871.89095872,27906.5151788317,35193.2481946647
2022-07,2022-07-29,38864.0218745214,25037.4589545498,9903.57613616826,28277.4115602281,36499.4162616023,33727.5794929974,42759.6066734422,36078.6998089133,27742.7629216664,37899.1099943514
2022-08,2022-08-31,37278.2935614235,23966.8235869207,9459.85443291879,27675.0249051485,35010.1684950062,32351.4281027222,41014.9308604775,34606.6180987015,26610.8037850004,36352.7519783619
2022-09,2022-09-30,33833.1682998688,22551.353304358,9202.9629205112,25968.1214099494,31774.655160827,29361.6259536401,37224.4790744931,32562.7661330434,25888.1616260554,34110.6351374687
2022-10,2022-10-31,36582.977571784,23579.8008565083,9414.86618144306,26827.825939507,33223.7285658478,30037.6934701103,38456.8382723557,34047.7810972806,26484.2507242593,35239.9069500433
2022-11,2022-11-30,38616.6808121659,24205.3919641244,9451.83105049,28088.7683079336,35070.6860560999,31707.5344343646,40594.7122727939,34951.096151472,26588.2338123842,36896.227959167
2022-12,2022-12-30,36393.2943230345,24101.0382240736,9689.23720557052,26296.8693698468,33051.4630700287,29881.9476106823,38257.4390297483,32938.7586504449,25057.3948437047,34771.8979282319
2023-01,2023-01-31,38681.9712795199,24968.2794384876,9710.87168319101,27705.5469594523,35129.9811957875,31761.1433851684,40663.3470617155,35010.189096652,26633.1873965665,36958.6096014106
2023-02,2023-02-28,37709.4025271109,24981.3502226284,10013.6110951917,26996.1211555989,34246.7190234218,30962.5828523046,39640.9611953177,34129.9388197133,25963.5574634956,36029.3707947563
2023-03,2023-03-31,39109.3619466737,25729.0415820962,10130.0934150954,27512.8764916594,35518.1265152665,32112.0669759767,41112.6296203479,35397.0108531512,26927.4530545288,37366.9591320092
2023-04,2023-04-28,39734.1335022354,26090.5603434535,10304.8885322941,27844.5918735031,36085.5281308654,32625.0568341145,41769.4033513068,35962.477647601,27357.6187717587,37963.8958249512
2023-05,2023-05-31,39917.5526745118,26467.4877527815,10475.2421342197,27864.5159922847,36252.1047519598,32775.6593612753,41962.2176576448,36128.4862478076,27483.9059547996,38139.14329444
2023-06,2023-06-30,42504.7764406106,27122.1958917357,10212.1898103043,29565.9085610123,38601.7554870677,34899.9871110373,44681.9647244882,38470.1247499392,29265.2530040862,40611.1009005241
2023-07,2023-07-31,43896.0963877212,27553.5317683815,10322.9411427589,30451.2600945336,39865.3168300543,36042.3775030756,46144.5511442553,39729.3773896328,30223.2001731229,41940.4346716585
2023-08,2023-08-31,43182.697324554,26907.218685908,10062.7543125681,29838.2755039318,39217.4259691398,35456.617026383,45394.6102095121,39083.6958155894,29732.0129272462,41258.8190095433
2023-09,2023-09-29,41136.1270100248,26345.3875009298,10093.2718207347,28590.8984929736,37358.782929835,33776.2111148569,43243.2100550436,37231.3906889064,28322.9148667251,39303.4276276008
2023-10,2023-10-31,40243.1185449387,26380.2429253053,10265.2014442088,27658.9160431548,36547.7753842407,33042.9762520621,42304.4597291503,36423.1486527998,27708.0635287337,38450.2045332198
2023-11,2023-11-30,43919.0801145671,27173.8414290724,10043.8420539859,30034.7612285127,39886.1900654453,36061.2490708818,46168.7121482216,39750.1794479665,30239.0248553692,41962.3944260243
2023-12,2023-12-29,45924.5345673968,27552.3628364664,9941.97375207749,31337.0355454757,41707.4927262592,37707.895410813,48276.8903959793,41565.271525641,31619.8139540305,43878.5017427883
2024-01,2024-01-31,46655.9492792169,27945.1239599163,10093.4150954209,31806.312130397,42371.7449404726,38308.4482463516,49045.7697805864,42227.258661298,32123.4052768136,44577.3304192161
2024-02,2024-02-29,49090.7776461757,28406.8520663528,9856.15221502665,33428.8560588397,44582.9940551608,40307.6465892292,51605.3154202311,44430.9674880571,33799.8255323145,46903.682155807
2024-03,2024-03-28,50697.219104209,28932.5526285028,9974.49710585134,34395.3877784608,46041.9232758317,41626.6697879122,53294.0423486056,45884.9218072937,34905.8874774063,48438.5533304415
2024-04,2024-04-30,48653.124908576,28710.9868973359,10183.1050489999,32858.6871277475,44185.5289846487,39948.2969777172,51145.2451452979,44034.8577605741,33498.4942663641,46485.5277511865
2024-05,2024-05-31,51113.9855831658,29129.0394567655,9935.23984182475,34419.1271540304,46420.4199781582,41968.8700289657,53732.1565247174,46262.1278481128,35192.8382032226,48836.7520023606
2024-06,2024-06-28,52917.526738316,29586.7294347683,10045.2748008482,35582.5685156532,48058.3501241795,43449.7286133395,55628.0790308899,47894.4727053366,36434.6066026518,50559.9416756999
2024-07,2024-07-31,53558.3089609567,30057.1713972987,10200.1547366611,35922.7622459145,48640.2922198731,43975.8645722568,56301.6835305658,48474.4303973144,36875.7959332745,51172.175727449
2024-08,2024-08-30,54809.7303881769,30774.6830600512,10323.65751619,36652.1121685496,49776.8012899144,45003.3865436165,57617.2055200686,49607.0640082022,37737.4206199378,52367.8437465697
2024-09,2024-09-30,55961.2380593473,31236.3048999501,10477.5345291994,37315.7548909472,50822.5712312317,45948.8709396645,58827.6959508347,50649.2679078589,38530.2530061999,53468.0493737413
2024-10,2024-10-31,55461.8628173184,31087.6380136659,10553.8999369591,37076.6654655673,50369.0513540943,45538.8419742203,58302.7416088257,50197.2945188275,38186.4247585118,52990.9223296879
2024-11,2024-11-29,58769.2484534641,32500.4516327854,10737.4348100178,38792.4712266051,53372.7347590953,48254.4830324434,61779.5388231583,53190.7354606111,40463.6153598816,56150.9571077588
2024-12,2024-12-31,57352.9237541201,32468.6779380041,10950.4842684395,37766.8030267704,52086.4647369306,47091.5616412154,60290.666852665,51908.8515776006,39488.4519986497,54797.7325977245
2025-01,2025-01-31,58893.216922097,33117.2226177699,11068.2560605192,38683.5244494372,53485.3197651819,48356.2715446947,61909.8572298471,53302.9365554699,40548.9697342104,56269.4025251854
2025-02,2025-02-28,58145.5777986292,33125.830207326,11141.6126998682,38234.807859429,52806.3329534997,47742.397106155,61123.9223834866,52626.2650668449,40034.2076313062,55555.0722681435
2025-03,2025-03-31,54905.6512462273,31553.2979819985,10597.4554415726,36795.1842980987,49863.9141703631,45082.1456147132,57718.0396557742,49693.8798365474,37803.4637429533,52459.4911323686
2025-04,2025-04-30,54429.6105437755,31040.0306047629,10447.5901197776,36328.4512177028,49431.586127805,44691.2762637566,57217.6150998636,49263.0260186251,37475.7017179733,52004.6590259808
2025-05,2025-05-30,57850.232910869,31337.6831769444,10300.1604676486,38481.9517158058,52538.1082480339,47499.8941773243,60813.4492799544,52358.9549989454,39830.8577118956,55272.8856048624
2025-06,2025-06-30,60823.3736249763,32341.5831588791,10360.7656599232,40075.8812183387,55238.2389271112,49941.0921153167,63938.8808110271,55049.8783197784,41877.9150664183,58113.5667622089
2025-07,2025-07-31,62224.2259462241,32729.5622881311,10290.7043383575,40874.3296805782,56510.4573295267,51091.3093861763,65411.4878741339,56317.7584986083,42842.4254352698,59452.0082205335
2025-08,2025-08-29,63501.0393409246,33188.5274645867,10429.8240586853,41557.2606456262,57670.0267377721,52139.6802929262,66753.7024636276,57473.3738126931,43721.532918334,60671.9369425624
2025-09,2025-09-30,65762.0874607901,33816.5627025706,10544.0139836094,42904.6821679137,59723.453057741,53996.1904748113,69130.5664490991,59519.798015356,45278.3025527946,62832.2507008314
2025-10,2025-10-31,67329.6847301109,34562.8725970479,10653.6191185741,43497.9545984442,61147.1049754746,55283.3193359885,70778.4595038447,60938.595326117,46357.6196210608,64330.008275553
2025-11,2025-11-28,67460.9759371778,35066.6822524255,10745.744741819,43284.7241357384,61266.3403061175,55391.1204307861,70916.4757357614,61057.4240681406,46448.0158238826,64455.4501882989
2025-12,2025-12-31,67513.0248469443,35452.0047182343,10990.6011805834,43177.2610695436,61313.6098004291,55433.8569519987,70971.1907053457,61104.5323750061,46483.8523731004,64505.1802116821
