mes,fecha_cierre_esperada,nivel_VIX,nivel_PUT,nivel_CNDR,nivel_PPUT,nivel_SPY,fecha_cierre_VIX,fecha_cierre_PUT,fecha_cierre_CNDR,fecha_cierre_PPUT,fecha_cierre_SPY,retorno_PUT,retorno_CNDR,retorno_PPUT,retorno_SPY,vix_previo,fecha_vix_previo,regimen_30,regimen_25
2007-01,2007-01-31,10.42,941.03,697.96,471.79,100.4705013892,2007-01-31,2007-01-31,2007-01-31,2007-01-31,2007-01-31,,,,,,,,
2007-02,2007-02-28,15.42,928.29,686.68,464.7,98.4995273564,2007-02-28,2007-02-28,2007-02-28,2007-02-28,2007-02-28,-0.0135383569067936,-0.0161613846065678,-0.0150278725704234,-0.0196174400002732,10.42,2007-01-31,bajo,bajo
2007-03,2007-03-30,14.64,932.75,673.78,465.04,99.6423299413,2007-03-30,2007-03-30,2007-03-30,2007-03-30,2007-03-30,0.00480453306617545,-0.0187860429894565,0.000731654831073847,0.0116021123712098,15.42,2007-02-28,bajo,bajo
2007-04,2007-04-30,14.22,942.96,660.09,484.73,104.0560592218,2007-04-30,2007-04-30,2007-04-30,2007-04-30,2007-04-30,0.0109461270436881,-0.0203182047552612,0.0423404438327886,0.0442957253518677,14.64,2007-03-30,bajo,bajo
2007-05,2007-05-31,13.05,961.1,672.79,500.11,107.5856529866,2007-05-31,2007-05-31,2007-05-31,2007-05-31,2007-05-31,0.0192372953253583,0.0192398006332468,0.0317290037752975,0.033920117590428,14.22,2007-04-30,bajo,bajo
2007-06,2007-06-29,16.23,958.9,675.66,492.63,106.0098157136,2007-06-29,2007-06-29,2007-06-29,2007-06-29,2007-06-29,-0.00228904380397466,0.00426581845746821,-0.0149567095239048,-0.0146472808339627,13.05,2007-05-31,bajo,bajo
2007-07,2007-07-31,23.52,946.16,672.72,482.42,102.6906280039,2007-07-31,2007-07-31,2007-07-31,2007-07-31,2007-07-31,-0.013286056940244,-0.00435130095018199,-0.020725493778292,-0.0313101922435866,16.23,2007-06-29,bajo,bajo
2007-08,2007-08-31,23.38,965.42,678.23,476.44,104.0084358518,2007-08-31,2007-08-31,2007-08-31,2007-08-31,2007-08-31,0.0203559651644543,0.00819062908788193,-0.0123958376518387,0.0128327956846261,23.52,2007-07-31,bajo,bajo
2007-09,2007-09-28,18,981.42,683.23,491.59,108.0334763908,2007-09-28,2007-09-28,2007-09-28,2007-09-28,2007-09-28,0.0165730977191274,0.00737213039824258,0.0317983376710602,0.0386991738317768,23.38,2007-08-31,bajo,bajo
2007-10,2007-10-31,18.53,1008.83,694.34,494.6,109.4991234541,2007-10-31,2007-10-31,2007-10-31,2007-10-31,2007-10-31,0.027928919320984,0.0162609955651831,0.00612298866941963,0.0135666009487483,18,2007-09-28,bajo,bajo
2007-11,2007-11-30,22.87,998.17,707.61,468.28,105.2579422065,2007-11-30,2007-11-30,2007-11-30,2007-11-30,2007-11-30,-0.0105666960736696,0.0191116743958291,-0.0532147189648201,-0.0387325588900976,18.53,2007-10-31,bajo,bajo
2007-12,2007-12-31,22.5,1010.61,716.76,463.53,104.0651433674,2007-12-31,2007-12-31,2007-12-31,2007-12-31,2007-12-31,0.0124628069366941,0.0129308517403655,-0.0101435038865636,-0.0113321504686071,22.87,2007-11-30,bajo,bajo
2008-01,2008-01-31,26.2,956.3,664.18,447.71,97.7732544945,2008-01-31,2008-01-31,2008-01-31,2008-01-31,2008-01-31,-0.0537398205044479,-0.0733578882750154,-0.0341293983129463,-0.0604610599601695,22.5,2007-12-31,bajo,bajo
2008-02,2008-02-29,26.54,972.68,674.89,431.81,95.2465463864,2008-02-29,2008-02-29,2008-02-29,2008-02-29,2008-02-29,0.017128516156018,0.0161251467975549,-0.0355140604409103,-0.0258425284211249,26.2,2008-01-31,bajo,alto
2008-03,2008-03-31,25.61,984.81,688.07,422.84,94.3863305864,2008-03-31,2008-03-31,2008-03-31,2008-03-31,2008-03-31,0.0124706995106305,0.0195291084473026,-0.0207730251731086,-0.00903146447442027,26.54,2008-02-29,bajo,alto
2008-04,2008-04-30,20.79,1007,695.86,439.94,98.885000349,2008-04-30,2008-04-30,2008-04-30,2008-04-30,2008-04-30,0.022532265106975,0.0113215225195111,0.040440828682244,0.047662301677063,25.61,2008-03-31,bajo,alto
2008-05,2008-05-30,17.83,1024.7,706.67,443,100.3797981643,2008-05-30,2008-05-30,2008-05-30,2008-05-30,2008-05-30,0.0175769612711023,0.0155347339982179,0.0069554939309906,0.0151165273805363,20.79,2008-04-30,bajo,bajo
2008-06,2008-06-30,23.95,973.94,705.12,407.44,91.998179993,2008-06-30,2008-06-30,2008-06-30,2008-06-30,2008-06-30,-0.049536449692593,-0.00219338588025519,-0.0802708803611738,-0.0834990538393104,17.83,2008-05-30,bajo,bajo
2008-07,2008-07-31,22.94,979.41,723.35,396.2,91.1715039771,2008-07-31,2008-07-31,2008-07-31,2008-07-31,2008-07-31,0.00561636240425489,0.0258537553891536,-0.0275868839583743,-0.00898578663146266,23.95,2008-06-30,bajo,bajo
2008-08,2008-08-29,20.65,993.16,733.86,399.65,92.5804397528,2008-08-29,2008-08-29,2008-08-29,2008-08-29,2008-08-29,0.0140390643346504,0.0145296191331996,0.00870772337203429,0.0154536857925902,22.94,2008-07-31,bajo,bajo
2008-09,2008-09-30,39.39,967.47,736.76,369.56,83.8433221493,2008-09-30,2008-09-30,2008-09-30,2008-09-30,2008-09-30,-0.0258669297998307,0.00395170741013273,-0.0752908795195796,-0.0943732566709456,20.65,2008-08-29,bajo,bajo
2008-10,2008-10-31,59.89,796.71,684.55,368.6,69.993526954,2008-10-31,2008-10-31,2008-10-31,2008-10-31,2008-10-31,-0.176501596948743,-0.0708643248819155,-0.00259768373200553,-0.165186622384042,39.39,2008-09-30,alto,alto
2008-11,2008-11-28,55.84,718.7,664.54,373.03,65.1215164006,2008-11-28,2008-11-28,2008-11-28,2008-11-28,2008-11-28,-0.0979151761619661,-0.0292308816010518,0.0120184481823113,-0.0696065874291762,59.89,2008-10-31,alto,alto
2008-12,2008-12-31,40,740.1,688.17,370.32,65.7620068307,2008-12-31,2008-12-31,2008-12-31,2008-12-31,2008-12-31,0.0297759844163072,0.0355584313961537,-0.00726483124681654,0.00983531197523058,55.84,2008-11-28,alto,alto
2009-01,2009-01-30,44.84,730.32,697.11,334.02,60.3620044109,2009-01-30,2009-01-30,2009-01-30,2009-01-30,2009-01-30,-0.0132144304823673,0.0129909760669602,-0.0980233311730395,-0.082114319195002,40,2008-12-31,alto,alto
2009-02,2009-02-27,46.35,690.06,705.7,305.49,53.8761665863,2009-02-27,2009-02-27,2009-02-27,2009-02-27,2009-02-27,-0.0551265198816958,0.0123223020757126,-0.08541404706305,-0.107449013462992,44.84,2009-01-30,alto,alto
2009-03,2009-03-31,44.14,747.71,718.75,317.25,58.3739796875,2009-03-31,2009-03-31,2009-03-31,2009-03-31,2009-03-31,0.0835434599889866,0.0184922771716025,0.038495531768634,0.0834842823123896,46.35,2009-02-27,alto,alto
2009-04,2009-04-30,36.5,779.37,720.48,339.9,64.1732064896,2009-04-30,2009-04-30,2009-04-30,2009-04-30,2009-04-30,0.0423426194647658,0.00240695652173906,0.0713947990543735,0.0993460927821892,44.14,2009-03-31,alto,alto
2009-05,2009-05-29,28.92,815.4,731.63,351.31,67.9243521867,2009-05-29,2009-05-29,2009-05-29,2009-05-29,2009-05-29,0.0462296470225951,0.0154757939151677,0.0335686966754929,0.0584534559249104,36.5,2009-04-30,alto,alto
2009-06,2009-06-30,26.35,831.1,744.31,348.25,67.8786053022,2009-06-30,2009-06-30,2009-06-30,2009-06-30,2009-06-30,0.0192543536914398,0.0173311646597323,-0.00871025589934815,-0.000673497545832458,28.92,2009-05-29,bajo,alto
2009-07,2009-07-31,25.92,868.86,745.8,368.37,72.9427414136,2009-07-31,2009-07-31,2009-07-31,2009-07-31,2009-07-31,0.0454337624834555,0.00200185406618214,0.0577745872218234,0.0746057773116306,26.35,2009-06-30,bajo,alto
2009-08,2009-08-31,26.01,876.55,735.63,379.7,75.6372172504,2009-08-31,2009-08-31,2009-08-31,2009-08-31,2009-08-31,0.00885067789977656,-0.0136363636363636,0.0307571192008036,0.0369396020026418,25.92,2009-07-31,bajo,alto
2009-09,2009-09-30,25.61,894.59,744.18,391.06,78.3191032999,2009-09-30,2009-09-30,2009-09-30,2009-09-30,2009-09-30,0.0205806856425761,0.0116226907548631,0.0299183565973138,0.0354572278964402,26.01,2009-08-31,bajo,alto
2009-10,2009-10-30,30.69,892.92,748.2,386.15,76.8133946182,2009-10-30,2009-10-30,2009-10-30,2009-10-30,2009-10-30,-0.00186677695927751,0.00540191889059116,-0.0125556180637243,-0.0192253054268807,25.61,2009-09-30,bajo,alto
2009-11,2009-11-30,24.51,945.58,763.61,399.22,81.5456219035,2009-11-30,2009-11-30,2009-11-30,2009-11-30,2009-11-30,0.0589750481566098,0.0205960973001871,0.0338469506668395,0.0616067979916979,30.69,2009-10-30,alto,alto
2009-12,2009-12-31,21.68,973.28,774.79,402.58,83.1008608518,2009-12-31,2009-12-31,2009-12-31,2009-12-31,2009-12-31,0.029294189809429,0.014640981652938,0.00841641200340648,0.0190720103911948,24.51,2009-11-30,bajo,bajo
2010-01,2010-01-29,24.62,943.67,764.04,393.09,80.0807739311,2010-01-29,2010-01-29,2010-01-29,2010-01-29,2010-01-29,-0.0304228998849252,-0.0138747273454742,-0.0235729544438372,-0.0363424264170493,21.68,2009-12-31,bajo,bajo
2010-02,2010-02-26,19.5,973.48,784.36,395.75,82.5788705198,2010-02-26,2010-02-26,2010-02-26,2010-02-26,2010-02-26,0.0315894327466171,0.0265954662059578,0.00676689816581444,0.031194710865923,24.62,2010-01-29,bajo,bajo
2010-03,2010-03-31,17.59,999.48,770.95,416.55,87.6083566483,2010-03-31,2010-03-31,2010-03-31,2010-03-31,2010-03-31,0.02670830422813,-0.0170967412922637,0.0525584333543905,0.0609052424287406,19.5,2010-02-26,bajo,bajo
2010-04,2010-04-30,22.05,1009.17,763.98,422.1,88.9636654136,2010-04-30,2010-04-30,2010-04-30,2010-04-30,2010-04-30,0.0096950414215391,-0.00904079382579936,0.0133237306445806,0.0154700854707368,17.59,2010-03-31,bajo,bajo
2010-05,2010-05-28,32.07,917.7,703.3,413.13,81.8950937318,2010-05-28,2010-05-28,2010-05-28,2010-05-28,2010-05-28,-0.0906388418205059,-0.07942616298856,-0.0212508884150676,-0.0794545913653353,22.05,2010-04-30,bajo,bajo
2010-06,2010-06-30,34.54,880.91,692.2,400.39,77.6575558866,2010-06-30,2010-06-30,2010-06-30,2010-06-30,2010-06-30,-0.040089353819331,-0.0157827385184131,-0.0308377508290368,-0.0517434885547309,32.07,2010-05-28,alto,alto
2010-07,2010-07-30,23.5,954.37,720.8,406.72,82.9616226276,2010-07-30,2010-07-30,2010-07-30,2010-07-30,2010-07-30,0.0833910388121375,0.041317538283733,0.0158095856539875,0.0683007169160115,34.54,2010-06-30,alto,alto
2010-08,2010-08-31,26.05,961.58,730.32,386.08,79.2299671616,2010-08-31,2010-08-31,2010-08-31,2010-08-31,2010-08-31,0.00755472196317997,0.0132075471698114,-0.0507474429583007,-0.0449805024035117,23.5,2010-07-30,bajo,bajo
2010-09,2010-09-30,23.7,1000.66,730.73,414.22,86.3253101544,2010-09-30,2010-09-30,2010-09-30,2010-09-30,2010-09-30,0.0406414442896066,0.000561397743454872,0.0728864484044758,0.089553779295757,26.05,2010-08-31,bajo,alto
2010-10,2010-10-29,21.2,1020,727.95,426.69,89.6231139945,2010-10-29,2010-10-29,2010-10-29,2010-10-29,2010-10-29,0.0193272440189476,-0.00380441476331883,0.0301047752402104,0.0382020502932641,23.7,2010-09-30,bajo,bajo
2010-11,2010-11-30,23.54,1028.51,733.36,425.79,89.6231139945,2010-11-30,2010-11-30,2010-11-30,2010-11-30,2010-11-30,0.00834313725490188,0.00743182910914197,-0.00210925964986286,0,21.2,2010-10-29,bajo,bajo
2010-12,2010-12-31,17.75,1061.04,737.18,449.72,95.6139034355,2010-12-31,2010-12-31,2010-12-31,2010-12-31,2010-12-31,0.0316282777999242,0.00520890149449094,0.0562014138425044,0.0668442455745026,23.54,2010-11-30,bajo,bajo
2011-01,2011-01-31,19.53,1073.31,739.03,458.86,97.8417263943,2011-01-31,2011-01-31,2011-01-31,2011-01-31,2011-01-31,0.0115641257634018,0.00250956347160813,0.0203237570043582,0.0233001988074135,17.75,2010-12-31,bajo,bajo
2011-02,2011-02-28,18.35,1084.57,730.55,472.82,101.2404870174,2011-02-28,2011-02-28,2011-02-28,2011-02-28,2011-02-28,0.0104909112931026,-0.0114745003585781,0.0304232227694721,0.0347373329187086,19.53,2011-01-31,bajo,bajo
2011-03,2011-03-31,17.74,1082.03,736.68,467.09,101.2513131774,2011-03-31,2011-03-31,2011-03-31,2011-03-31,2011-03-31,-0.00234194196778448,0.00839093833413185,-0.0121187767014932,0.000106935084163817,18.35,2011-02-28,bajo,bajo
2011-04,2011-04-29,14.75,1100.52,738.92,478.25,104.1836990481,2011-04-29,2011-04-29,2011-04-29,2011-04-29,2011-04-29,0.0170882507878709,0.00304066894716848,0.0238926117022416,0.028961460139902,17.74,2011-03-31,bajo,bajo
2011-05,2011-05-31,15.45,1111.83,754.16,470.85,103.0153265527,2011-05-31,2011-05-31,2011-05-31,2011-05-31,2011-05-31,0.0102769599825536,0.0206246955015428,-0.0154730789336121,-0.0112145422563713,14.75,2011-04-29,bajo,bajo
2011-06,2011-06-30,16.52,1096.54,758.11,459.31,101.2756920934,2011-06-30,2011-06-30,2011-06-30,2011-06-30,2011-06-30,-0.0137521023897538,0.00523761536013589,-0.0245088669427631,-0.0168871421128782,15.45,2011-05-31,bajo,bajo
2011-07,2011-07-29,25.25,1091.39,768.41,451.08,99.2497178028,2011-07-29,2011-07-29,2011-07-29,2011-07-29,2011-07-29,-0.00469659109562792,0.0135864188574217,-0.0179181816202565,-0.0200045464881303,16.52,2011-06-30,bajo,bajo
2011-08,2011-08-31,31.62,1003.86,707.56,454.88,93.7934006794,2011-08-31,2011-08-31,2011-08-31,2011-08-31,2011-08-31,-0.0802004782891542,-0.0791894951913692,0.00842422630132122,-0.0549756437014884,25.25,2011-07-29,bajo,alto
2011-09,2011-09-30,42.96,973.16,712.92,422.71,87.2795166323,2011-09-30,2011-09-30,2011-09-30,2011-09-30,2011-09-30,-0.0305819536588767,0.00757532930069527,-0.0707219486457967,-0.0694492789462388,31.62,2011-08-31,alto,alto
2011-10,2011-10-31,29.96,1060.53,729.85,454.69,96.8058271088,2011-10-31,2011-10-31,2011-10-31,2011-10-31,2011-10-31,0.0897796867935385,0.0237474050384336,0.0756547041707081,0.109147149801865,42.96,2011-09-30,alto,alto
2011-11,2011-11-30,27.8,1090.77,741.58,444.6,96.412432911,2011-11-30,2011-11-30,2011-11-30,2011-11-30,2011-11-30,0.0285140448643604,0.0160717955744332,-0.0221909432800369,-0.00406374501978968,29.96,2011-10-31,bajo,alto
2011-12,2011-12-30,23.4,1126.54,750,443.26,97.4189784504,2011-12-30,2011-12-30,2011-12-30,2011-12-30,2011-12-30,0.0327933478185136,0.0113541357641791,-0.00301394511920838,0.010439997301273,27.8,2011-11-30,bajo,alto
2012-01,2012-01-31,19.44,1145.01,744.38,459.93,101.9367350606,2012-01-31,2012-01-31,2012-01-31,2012-01-31,2012-01-31,0.0163953343867063,-0.00749333333333335,0.0376077245860218,0.0463745019919315,23.4,2011-12-30,bajo,bajo
2012-02,2012-02-29,18.43,1168.92,745.17,477.22,106.36134205,2012-02-29,2012-02-29,2012-02-29,2012-02-29,2012-02-29,0.0208819136950771,0.00106128590236154,0.0375926771465223,0.0434054218704341,19.44,2012-01-31,bajo,bajo
2012-03,2012-03-30,15.5,1186.61,748.92,490.75,109.7815799667,2012-03-30,2012-03-30,2012-03-30,2012-03-30,2012-03-30,0.0151336276220784,0.00503240871210586,0.0283517036167804,0.0321567766143092,18.43,2012-02-29,bajo,bajo
2012-04,2012-04-30,17.15,1192.39,756.98,485.21,109.0487152187,2012-04-30,2012-04-30,2012-04-30,2012-04-30,2012-04-30,0.00487101912169985,0.0107621641830904,-0.0112888436067244,-0.00667566223971539,15.5,2012-03-30,bajo,bajo
2012-05,2012-05-31,24.06,1150.05,755.51,453.71,102.4997110875,2012-05-31,2012-05-31,2012-05-31,2012-05-31,2012-05-31,-0.0355085165088604,-0.00194192713149621,-0.0649203437686775,-0.0600557660680898,17.15,2012-04-30,bajo,bajo
2012-06,2012-06-29,17.08,1189.4,765.62,466.51,106.65389767,2012-06-29,2012-06-29,2012-06-29,2012-06-29,2012-06-29,0.034215903656363,0.0133816891900835,0.0282118533865245,0.0405287638221119,24.06,2012-05-31,bajo,bajo
2012-07,2012-07-31,18.93,1204.41,769.53,471.28,107.9155639099,2012-07-31,2012-07-31,2012-07-31,2012-07-31,2012-07-31,0.0126198083067093,0.00510697212716482,0.0102248612034039,0.0118295371051862,17.08,2012-06-29,bajo,bajo
2012-08,2012-08-31,17.47,1217.28,769.06,480.22,110.6191344239,2012-08-31,2012-08-31,2012-08-31,2012-08-31,2012-08-31,0.0106857299424614,-0.000610762413421173,0.0189696146664404,0.0250526468661854,18.93,2012-07-31,bajo,bajo
2012-09,2012-09-28,15.73,1228.58,762.8,491.63,113.4240280471,2012-09-28,2012-09-28,2012-09-28,2012-09-28,2012-09-28,0.00928299158780233,-0.00813980703716222,0.0237599433592937,0.0253563150517113,17.47,2012-08-31,bajo,bajo
2012-10,2012-10-31,18.6,1232.66,768.48,481.58,111.3599108457,2012-10-31,2012-10-31,2012-10-31,2012-10-31,2012-10-31,0.00332090706343924,0.00744625065547999,-0.0204422024693367,-0.0181982357436896,15.73,2012-09-28,bajo,bajo
2012-11,2012-11-30,15.87,1208.95,732.89,484.5,111.99017564,2012-11-30,2012-11-30,2012-11-30,2012-11-30,2012-11-30,-0.0192348254993266,-0.046312200707891,0.00606337472486396,0.00565970993972242,18.6,2012-10-31,bajo,bajo
2012-12,2012-12-31,18.02,1218.24,727.15,487.58,112.9978986566,2012-12-31,2012-12-31,2012-12-31,2012-12-31,2012-12-31,0.00768435419165381,-0.00783200753182611,0.00635706914344691,0.00899831624373371,15.87,2012-11-30,bajo,bajo
2013-01,2013-01-31,14.28,1244.84,727.87,510.24,118.7822865592,2013-01-31,2013-01-31,2013-01-31,2013-01-31,2013-01-31,0.0218347780404518,0.000990167090696659,0.0464744247097912,0.0511902254056842,18.02,2012-12-31,bajo,bajo
2013-02,2013-02-28,15.51,1250.35,724.92,516.67,120.2978120591,2013-02-28,2013-02-28,2013-02-28,2013-02-28,2013-02-28,0.0044262716493686,-0.00405292153818682,0.012601912825337,0.0127588510357954,14.28,2013-01-31,bajo,bajo
2013-03,2013-03-28,12.7,1270.52,724.81,534.52,124.8661768089,2013-03-28,2013-03-28,2013-03-28,2013-03-28,2013-03-28,0.0161314831847084,-0.000151740881752516,0.0345481642053922,0.037975459998854,15.51,2013-02-28,bajo,bajo
2013-04,2013-04-30,13.52,1285.2,727.26,542.18,127.265150398,2013-04-30,2013-04-30,2013-04-30,2013-04-30,2013-04-30,0.0115543242137077,0.00338019618934626,0.0143306143829978,0.0192123571843759,12.7,2013-03-28,bajo,bajo
2013-05,2013-05-31,16.3,1278.01,713.31,555.48,130.2698448932,2013-05-31,2013-05-31,2013-05-31,2013-05-31,2013-05-31,-0.00559446000622477,-0.0191815856777494,0.0245305986941606,0.023609719438537,13.52,2013-04-30,bajo,bajo
2013-06,2013-06-28,16.86,1278.81,726.36,541.9,128.5293867398,2013-06-28,2013-06-28,2013-06-28,2013-06-28,2013-06-28,0.000625973192698082,0.0182949909576482,-0.0244473248361778,-0.0133604070445228,16.3,2013-05-31,bajo,bajo
2013-07,2013-07-31,13.45,1297,709.73,567.64,135.171380357,2013-07-31,2013-07-31,2013-07-31,2013-07-31,2013-07-31,0.0142241615251679,-0.0228949832039209,0.0474995386602695,0.0516768482731993,16.86,2013-06-28,bajo,bajo
2013-08,2013-08-30,17.01,1278.74,715.24,551.28,131.1172805134,2013-08-30,2013-08-30,2013-08-30,2013-08-30,2013-08-30,-0.0140786430223593,0.00776351570315481,-0.0288210837854979,-0.029992294470122,13.45,2013-07-31,bajo,bajo
2013-09,2013-09-30,16.6,1292.9,709.57,567.13,135.2712493628,2013-09-30,2013-09-30,2013-09-30,2013-09-30,2013-09-30,0.0110734003784976,-0.00792740898160049,0.0287512697721666,0.0316813225010069,17.01,2013-08-30,bajo,bajo
2013-10,2013-10-31,13.75,1335.35,724.09,589.08,141.5352236503,2013-10-31,2013-10-31,2013-10-31,2013-10-31,2013-10-31,0.0328331657514114,0.0204630973688289,0.0387036481935359,0.0463067674543309,16.6,2013-09-30,bajo,bajo
2013-11,2013-11-29,13.7,1349.66,718.36,605.89,145.7299930639,2013-11-29,2013-11-29,2013-11-29,2013-11-29,2013-11-29,0.0107162916089416,-0.0079133809333094,0.0285360222720172,0.0296376358154087,13.75,2013-10-31,bajo,bajo
2013-12,2013-12-31,13.72,1367.79,721.77,619.52,149.5037952258,2013-12-31,2013-12-31,2013-12-31,2013-12-31,2013-12-31,0.0134330127587687,0.00474692354808171,0.0224958325768705,0.0258958508304139,13.7,2013-11-29,bajo,bajo
2014-01,2014-01-31,18.41,1341.67,723.87,601.53,144.234047503,2014-01-31,2014-01-31,2014-01-31,2014-01-31,2014-01-31,-0.0190964987315303,0.00290951411114349,-0.0290386105371901,-0.0352482538308873,13.72,2013-12-31,bajo,bajo
2014-02,2014-02-28,14,1397.18,738.87,622.25,150.7989713174,2014-02-28,2014-02-28,2014-02-28,2014-02-28,2014-02-28,0.0413738102514032,0.0207219528368354,0.0344454973151798,0.0455157705691054,18.41,2014-01-31,bajo,bajo
2014-03,2014-03-31,13.88,1407.86,743.05,625.84,152.0522138055,2014-03-31,2014-03-31,2014-03-31,2014-03-31,2014-03-31,0.00764396856525273,0.00565728747952954,0.00576938529529936,0.00831068327026041,14,2014-02-28,bajo,bajo
2014-04,2014-04-30,13.41,1419.05,750.7,628.03,153.1092047576,2014-04-30,2014-04-30,2014-04-30,2014-04-30,2014-04-30,0.00794823348912543,0.0102954040777876,0.00349929694490592,0.00695149991996868,13.88,2014-03-31,bajo,bajo
2014-05,2014-05-30,11.4,1443.34,752.58,640.43,156.6623204964,2014-05-30,2014-05-30,2014-05-30,2014-05-30,2014-05-30,0.0171170853740179,0.00250432929266009,0.0197442797318599,0.0232064149534656,13.41,2014-04-30,bajo,bajo
2014-06,2014-06-30,11.57,1447.72,738.84,653.15,159.8947925754,2014-06-30,2014-06-30,2014-06-30,2014-06-30,2014-06-30,0.00303462801557508,-0.0182571952483457,0.0198616554502444,0.0206333729052244,11.4,2014-05-30,bajo,bajo
2014-07,2014-07-31,16.95,1439.72,740.5,644.87,157.7461960882,2014-07-31,2014-07-31,2014-07-31,2014-07-31,2014-07-31,-0.00552593042853589,0.00224676519950195,-0.0126770267166807,-0.0134375638667957,11.57,2014-06-30,bajo,bajo
2014-08,2014-08-29,11.98,1490.81,746.81,665.1,163.9714072032,2014-08-29,2014-08-29,2014-08-29,2014-08-29,2014-08-29,0.0354860667351984,0.00852126941255893,0.0313706638547304,0.0394634626341119,16.95,2014-07-31,bajo,bajo
2014-09,2014-09-30,16.31,1475.94,735.79,657.49,161.710045491,2014-09-30,2014-09-30,2014-09-30,2014-09-30,2014-09-30,-0.00997444342337384,-0.0147560959280137,-0.0114418884378289,-0.0137911953722373,11.98,2014-08-29,bajo,bajo
2014-10,2014-10-31,14.03,1438.72,681.69,674.7,165.5184639819,2014-10-31,2014-10-31,2014-10-31,2014-10-31,2014-10-31,-0.0252178272829519,-0.0735264137865422,0.0261753030464342,0.0235509085371692,16.31,2014-09-30,bajo,bajo
2014-11,2014-11-28,13.33,1443.43,677.19,691.96,170.0655843353,2014-11-28,2014-11-28,2014-11-28,2014-11-28,2014-11-28,0.00327374332740216,-0.00660124103331428,0.025581740032607,0.0274719825450849,14.03,2014-10-31,bajo,bajo
2014-12,2014-12-31,19.2,1455.01,683.99,688.64,169.6301889109,2014-12-31,2014-12-31,2014-12-31,2014-12-31,2014-12-31,0.00802255738068336,0.0100414950014027,-0.00479796520030062,-0.00256016186991481,13.33,2014-11-28,bajo,bajo
2015-01,2015-01-30,20.97,1426.89,692.41,663.34,164.6041703721,2015-01-30,2015-01-30,2015-01-30,2015-01-30,2015-01-30,-0.0193263276541054,0.0123101214930041,-0.0367390799256505,-0.029629269241927,19.2,2014-12-31,bajo,bajo
2015-02,2015-02-27,13.34,1464.5,694.7,695.14,173.8556757613,2015-02-27,2015-02-27,2015-02-27,2015-02-27,2015-02-27,0.0263580233935341,0.00330728903395405,0.0479392166912895,0.0562045625471475,20.97,2015-01-30,bajo,bajo
2015-03,2015-03-31,15.29,1461.32,697.63,684.13,171.1183552921,2015-03-31,2015-03-31,2015-03-31,2015-03-31,2015-03-31,-0.00217138955274843,0.00421764790557067,-0.01583853612222,-0.0157447863419672,13.34,2015-02-27,bajo,bajo
2015-04,2015-04-30,14.55,1488.2,710.78,686.93,172.801106158,2015-04-30,2015-04-30,2015-04-30,2015-04-30,2015-04-30,0.0183943284154053,0.0188495334202945,0.00409278938213498,0.00983384198046755,15.29,2015-03-31,bajo,bajo
2015-05,2015-05-29,13.84,1504.36,718.98,693.97,175.0226688775,2015-05-29,2015-05-29,2015-05-29,2015-05-29,2015-05-29,0.0108587555436097,0.0115366217394974,0.0102484969356413,0.012856183440566,14.55,2015-04-30,bajo,bajo
2015-06,2015-06-30,18.23,1499.74,718.58,681.9,171.5046665292,2015-06-30,2015-06-30,2015-06-30,2015-06-30,2015-06-30,-0.00307107341327861,-0.000556343709143481,-0.0173926826808076,-0.0201002668446467,13.84,2015-05-29,bajo,bajo
2015-07,2015-07-31,12.12,1542.49,735.86,690.02,175.3031088012,2015-07-31,2015-07-31,2015-07-31,2015-07-31,2015-07-31,0.0285049408564151,0.0240474268696595,0.0119079043848072,0.0221477487981547,18.23,2015-06-30,bajo,bajo
2015-08,2015-08-31,28.43,1480.29,723.96,647.44,164.5491856146,2015-08-31,2015-08-31,2015-08-31,2015-08-31,2015-08-31,-0.0403244105310245,-0.0161715543717554,-0.061708356279528,-0.0613447374672366,12.12,2015-07-31,bajo,bajo
2015-09,2015-09-30,24.5,1477.68,731.26,626.26,160.4371112711,2015-09-30,2015-09-30,2015-09-30,2015-09-30,2015-09-30,-0.00176316802788634,0.0100834300237582,-0.0327134560731497,-0.0249899404128995,28.43,2015-08-31,bajo,alto
2015-10,2015-10-30,15.07,1545.36,736.53,669.35,174.1201970176,2015-10-30,2015-10-30,2015-10-30,2015-10-30,2015-10-30,0.0458015267175571,0.00720673905314118,0.0688052885383068,0.0852862884284851,24.5,2015-09-30,bajo,bajo
2015-11,2015-11-30,16.13,1554.66,744.1,669.37,174.7566196104,2015-11-30,2015-11-30,2015-11-30,2015-11-30,2015-11-30,0.00601801521975465,0.0102779248638889,2.9879734070315e-05,0.00365507622723227,15.07,2015-10-30,bajo,bajo
2015-12,2015-12-31,18.21,1548.16,755.12,653.26,171.7544383909,2015-12-31,2015-12-31,2015-12-31,2015-12-31,2015-12-31,-0.00418097847760923,0.0148098373874479,-0.0240674066659695,-0.017179213160526,16.13,2015-11-30,bajo,bajo
2016-01,2016-01-29,20.2,1476.35,730.66,629.38,163.2033647758,2016-01-29,2016-01-29,2016-01-29,2016-01-29,2016-01-29,-0.0463840946672179,-0.0323922025638309,-0.0365551235342743,-0.0497866238288317,18.21,2015-12-31,bajo,bajo
2016-02,2016-02-29,20.55,1498.86,739.84,624.74,163.068566986,2016-02-29,2016-02-29,2016-02-29,2016-02-29,2016-02-29,0.0152470620110408,0.0125639832480224,-0.00737233467857257,-0.000825949820245198,20.2,2016-01-29,bajo,bajo
2016-03,2016-03-31,13.95,1529.06,725.27,663.42,174.0337104578,2016-03-31,2016-03-31,2016-03-31,2016-03-31,2016-03-31,0.0201486463045248,-0.019693447231834,0.0619137561225469,0.0672425328465749,20.55,2016-02-29,bajo,bajo
2016-04,2016-04-29,15.7,1536.59,731.65,664.9,174.7196142855,2016-04-29,2016-04-29,2016-04-29,2016-04-29,2016-04-29,0.00492459419512636,0.00879672397865616,0.00223086430918573,0.00394121245760792,13.95,2016-03-31,bajo,bajo
2016-05,2016-05-31,14.19,1554.25,738.42,672.54,177.6918664635,2016-05-31,2016-05-31,2016-05-31,2016-05-31,2016-05-31,0.011492981211644,0.00925305815622224,0.011490449691683,0.0170115541415012,15.7,2016-04-29,bajo,bajo
2016-06,2016-06-30,15.63,1581.25,751.98,669.99,178.3133298908,2016-06-30,2016-06-30,2016-06-30,2016-06-30,2016-06-30,0.0173717226958341,0.0183635329487284,-0.00379159603889723,0.00349742191169833,14.19,2016-05-31,bajo,bajo
2016-07,2016-07-29,11.87,1601.46,739.65,690.84,184.8166413671,2016-07-29,2016-07-29,2016-07-29,2016-07-29,2016-07-29,0.0127810276679843,-0.0163967126785287,0.0311198674607085,0.0364712580954136,15.63,2016-06-30,bajo,bajo
2016-08,2016-08-31,13.42,1614.01,746.22,690.44,185.037966791,2016-08-31,2016-08-31,2016-08-31,2016-08-31,2016-08-31,0.00783659910331824,0.00888257959845884,-0.000579005268947941,0.0011975405583764,11.87,2016-07-29,bajo,bajo
2016-09,2016-09-30,13.29,1618.92,754.57,686.64,185.0523736832,2016-09-30,2016-09-30,2016-09-30,2016-09-30,2016-09-30,0.00304211250240094,0.011189729570368,-0.00550373674758131,7.78591142662766e-05,13.42,2016-08-31,bajo,bajo
2016-10,2016-10-31,17.06,1622.28,758.19,674.24,181.844114822,2016-10-31,2016-10-31,2016-10-31,2016-10-31,2016-10-31,0.00207545771254902,0.00479743430033008,-0.0180589537457765,-0.0173370316594391,13.29,2016-09-30,bajo,bajo
2016-11,2016-11-30,13.33,1660.84,757.76,694.94,188.5429610353,2016-11-30,2016-11-30,2016-11-30,2016-11-30,2016-11-30,0.0237690164459896,-0.000567140162756163,0.030701233981965,0.0368383998561475,17.06,2016-10-31,bajo,bajo
2016-12,2016-12-30,14.04,1668.39,739.75,707.68,192.3672116068,2016-12-30,2016-12-30,2016-12-30,2016-12-30,2016-12-30,0.00454589243997017,-0.0237674197635135,0.0183325179152156,0.0202831787010282,13.33,2016-11-30,bajo,bajo
2017-01,2017-01-31,11.99,1701.01,748.23,718.35,195.8095631921,2017-01-31,2017-01-31,2017-01-31,2017-01-31,2017-01-31,0.0195517834559065,0.0114633322068267,0.015077436129324,0.0178946898306984,14.04,2016-12-30,bajo,bajo
2017-02,2017-02-28,12.92,1721.06,735.17,745.28,203.5032207065,2017-02-28,2017-02-28,2017-02-28,2017-02-28,2017-02-28,0.0117871147141992,-0.0174545260147282,0.0374886893575554,0.0392915309598647,11.99,2017-01-31,bajo,bajo
2017-03,2017-03-31,12.37,1729.66,745.73,744.9,203.7592451215,2017-03-31,2017-03-31,2017-03-31,2017-03-31,2017-03-31,0.00499692050248113,0.0143640246473606,-0.000509875483039934,0.00125808532224281,12.92,2017-02-28,bajo,bajo
2017-04,2017-04-28,10.82,1746.14,751.19,749.7,205.7817954404,2017-04-28,2017-04-28,2017-04-28,2017-04-28,2017-04-28,0.00952788409282745,0.00732168479208295,0.00644381796214266,0.00992617693343911,12.37,2017-03-31,bajo,bajo
2017-05,2017-05-31,10.41,1765.72,767.1,758.34,208.6859739807,2017-05-31,2017-05-31,2017-05-31,2017-05-31,2017-05-31,0.011213304775104,0.0211797281646453,0.0115246098439377,0.0141129031073166,10.82,2017-04-28,bajo,bajo
2017-06,2017-06-30,11.18,1775.68,768.17,761.9,210.0162028783,2017-06-30,2017-06-30,2017-06-30,2017-06-30,2017-06-30,0.00564075844414735,0.00139486377265019,0.00469446422449016,0.00637430907418346,10.41,2017-05-31,bajo,bajo
2017-07,2017-07-31,10.26,1793.76,774.43,776.3,214.3329104271,2017-07-31,2017-07-31,2017-07-31,2017-07-31,2017-07-31,0.0101820147774374,0.00814923779892474,0.0189001181257382,0.0205541643436979,11.18,2017-06-30,bajo,bajo
2017-08,2017-08-31,10.59,1793.41,780.59,776.12,214.9582688398,2017-08-31,2017-08-31,2017-08-31,2017-08-31,2017-08-31,-0.000195120863437648,0.00795423731002165,-0.000231869122761741,0.00291769664049202,10.26,2017-07-31,bajo,bajo
2017-09,2017-09-29,9.51,1807.1,777.06,790.59,219.2877301132,2017-09-29,2017-09-29,2017-09-29,2017-09-29,2017-09-29,0.00763350265694962,-0.00452222037177019,0.0186440241199815,0.0201409385029361,10.59,2017-08-31,bajo,bajo
2017-10,2017-10-31,10.18,1817.57,762.36,807.92,224.4550403957,2017-10-31,2017-10-31,2017-10-31,2017-10-31,2017-10-31,0.00579381329201478,-0.0189174581113427,0.021920337975436,0.0235640648012205,9.51,2017-09-29,bajo,bajo
2017-11,2017-11-30,11.28,1841.61,757.51,830.66,231.3156922235,2017-11-30,2017-11-30,2017-11-30,2017-11-30,2017-11-30,0.0132264507006608,-0.00636182381027339,0.0281463511238738,0.0305658176163259,10.18,2017-10-31,bajo,bajo
2017-12,2017-12-29,11.04,1849.34,750.57,839.07,234.1115454641,2017-12-29,2017-12-29,2017-12-29,2017-12-29,2017-12-29,0.00419741421908015,-0.00916159522646554,0.0101244793296897,0.012086742640437,11.28,2017-11-30,bajo,bajo
2018-01,2018-01-31,13.54,1866,727.4,885.36,247.3058707425,2018-01-31,2018-01-31,2018-01-31,2018-01-31,2018-01-31,0.00900861929120667,-0.0308698722304382,0.0551682219600271,0.0563591396239929,11.04,2017-12-29,bajo,bajo
2018-02,2018-02-28,19.85,1825.77,738.32,851.34,238.3137275175,2018-02-28,2018-02-28,2018-02-28,2018-02-28,2018-02-28,-0.0215594855305467,0.015012372834754,-0.0384250474383302,-0.0363604114936794,13.54,2018-01-31,bajo,bajo
2018-03,2018-03-29,19.97,1801.34,733.9,834.06,231.7802387323,2018-03-29,2018-03-29,2018-03-29,2018-03-29,2018-03-29,-0.0133806558328815,-0.00598656409145093,-0.0202974134893228,-0.0274154949161299,19.85,2018-02-28,bajo,bajo
2018-04,2018-04-30,15.93,1838.22,753.57,824.82,232.9781149423,2018-04-30,2018-04-30,2018-04-30,2018-04-30,2018-04-30,0.0204736473958276,0.0268020166235183,-0.0110783396877921,0.0051681550444147,19.97,2018-03-29,bajo,bajo
2018-05,2018-05-31,15.43,1874.72,763.56,841.48,238.6416032002,2018-05-31,2018-05-31,2018-05-31,2018-05-31,2018-05-31,0.0198561652032945,0.0132568971694731,0.0201983463058606,0.0243090998452906,15.93,2018-04-30,bajo,bajo
2018-06,2018-06-29,16.09,1877.72,764.82,846.88,240.015026713,2018-06-29,2018-06-29,2018-06-29,2018-06-29,2018-06-29,0.00160023896901929,0.00165016501650173,0.00641726481912808,0.00575517216772892,15.43,2018-05-31,bajo,bajo
2018-07,2018-07-31,12.83,1926.63,775.09,873.5,248.9067659436,2018-07-31,2018-07-31,2018-07-31,2018-07-31,2018-07-31,0.0260475470251156,0.0134279961298083,0.0314330247496695,0.0370465939252727,16.09,2018-06-29,bajo,bajo
2018-08,2018-08-31,12.86,1956.4,776.62,899.12,256.8518224899,2018-08-31,2018-08-31,2018-08-31,2018-08-31,2018-08-31,0.0154518511597972,0.00197396431382169,0.0293302804808242,0.0319198094763733,12.83,2018-07-31,bajo,bajo
2018-09,2018-09-28,12.12,1960.52,771.78,903.46,258.3796510234,2018-09-28,2018-09-28,2018-09-28,2018-09-28,2018-09-28,0.00210590881210382,-0.00623213411964674,0.00482694189874544,0.00594828768855682,12.86,2018-08-31,bajo,bajo
2018-10,2018-10-31,21.23,1850.96,734.47,846.13,240.524507968,2018-10-31,2018-10-31,2018-10-31,2018-10-31,2018-10-31,-0.0558831330463346,-0.0483427919873538,-0.0634560467535918,-0.0691042927903908,12.12,2018-09-28,bajo,bajo
2018-11,2018-11-30,18.07,1882,748.45,851,244.9860718375,2018-11-30,2018-11-30,2018-11-30,2018-11-30,2018-11-30,0.0167696762760945,0.0190341334567783,0.00575561674919922,0.0185493108672883,21.23,2018-10-31,bajo,bajo
2018-12,2018-12-31,25.42,1739.67,710.94,808.42,223.442924469,2018-12-31,2018-12-31,2018-12-31,2018-12-31,2018-12-31,-0.0756269925611052,-0.050116908277106,-0.0500352526439484,-0.0879362128912767,18.07,2018-11-30,bajo,bajo
2019-01,2019-01-31,16.57,1787.92,703.7,865.65,241.3330209744,2019-01-31,2019-01-31,2019-01-31,2019-01-31,2019-01-31,0.0277351451712107,-0.0101837004529215,0.0707924098859505,0.0800656209988071,25.42,2018-12-31,bajo,alto
2019-02,2019-02-28,14.78,1813.01,704.37,890.78,249.1560266926,2019-02-28,2019-02-28,2019-02-28,2019-02-28,2019-02-28,0.0140330663564365,0.00095211027426445,0.0290302085138334,0.0324158115064985,16.57,2019-01-31,bajo,bajo
2019-03,2019-03-29,13.71,1835.01,711.35,905.71,253.6604942541,2019-03-29,2019-03-29,2019-03-29,2019-03-29,2019-03-29,0.0121345166325613,0.00990956457543613,0.0167605918408587,0.0180789026911938,14.78,2019-02-28,bajo,bajo
2019-04,2019-04-30,13.12,1864,705.89,940,264.0231468443,2019-04-30,2019-04-30,2019-04-30,2019-04-30,2019-04-30,0.0157982790284521,-0.00767554649609903,0.0378598005984254,0.0408524497307783,13.71,2019-03-29,bajo,bajo
2019-05,2019-05-31,18.71,1794.19,708.03,886.73,247.1860813272,2019-05-31,2019-05-31,2019-05-31,2019-05-31,2019-05-31,-0.0374517167381974,0.00303163382396687,-0.0566702127659574,-0.0637711720292055,13.12,2019-04-30,bajo,bajo
2019-06,2019-06-28,15.08,1879.81,726.01,936.38,264.3883815092,2019-06-28,2019-06-28,2019-06-28,2019-06-28,2019-06-28,0.04772069847675,0.0253944041919127,0.055992241155707,0.0695925113972309,18.71,2019-05-31,bajo,bajo
2019-07,2019-07-31,16.12,1906.7,736.51,946.55,268.3857894617,2019-07-31,2019-07-31,2019-07-31,2019-07-31,2019-07-31,0.014304637170778,0.0144626107078414,0.0108609752450928,0.0151194539248729,15.08,2019-06-28,bajo,bajo
2019-08,2019-08-30,18.98,1873.58,733.82,925.28,263.8920893254,2019-08-30,2019-08-30,2019-08-30,2019-08-30,2019-08-30,-0.0173703256936069,-0.00365236045674866,-0.0224710791822936,-0.0167434354304415,16.12,2019-07-31,bajo,bajo
2019-09,2019-09-30,16.24,1890.45,734.1,939.49,269.0324262573,2019-09-30,2019-09-30,2019-09-30,2019-09-30,2019-09-30,0.00900415247814346,0.000381564961434711,0.0153575134013488,0.019478935291469,18.98,2019-08-30,bajo,bajo
2019-10,2019-10-31,13.22,1934.55,745.52,953.31,274.9792966157,2019-10-31,2019-10-31,2019-10-31,2019-10-31,2019-10-31,0.0233277791002142,0.015556463697044,0.0147101086759838,0.0221046601747272,16.24,2019-09-30,bajo,bajo
2019-11,2019-11-29,12.62,1956.28,731.38,985.36,284.933052185,2019-11-29,2019-11-29,2019-11-29,2019-11-29,2019-11-29,0.0112325863895997,-0.0189666273205279,0.0336197039787687,0.0361981999801644,13.22,2019-10-31,bajo,bajo
2019-12,2019-12-31,13.78,1974.62,720.17,1012.83,293.2056668874,2019-12-31,2019-12-31,2019-12-31,2019-12-31,2019-12-31,0.00937493610321627,-0.0153271896961908,0.0278781359097182,0.0290335383661591,12.62,2019-11-29,bajo,bajo
2020-01,2020-01-31,18.84,1953.18,702.18,1017.09,293.087240439,2020-01-31,2020-01-31,2020-01-31,2020-01-31,2020-01-31,-0.0108577852953985,-0.0249802130052627,0.00420603655105012,-0.00040390231763654,13.78,2019-12-31,bajo,bajo
2020-02,2020-02-28,40.11,1808.96,683.02,991.1,269.8847662712,2020-02-28,2020-02-28,2020-02-28,2020-02-28,2020-02-28,-0.0738385607061305,-0.0272864507676094,-0.0255532942020864,-0.0791657601096732,18.84,2020-01-31,bajo,bajo
2020-03,2020-03-31,53.54,1566.26,655.85,1013.14,236.2456461263,2020-03-31,2020-03-31,2020-03-31,2020-03-31,2020-03-31,-0.134165487351849,-0.0397792158355538,0.0222379174654423,-0.124642530253438,40.11,2020-02-28,alto,alto
2020-04,2020-04-30,34.15,1648.18,644.45,1107.95,266.2449477663,2020-04-30,2020-04-30,2020-04-30,2020-04-30,2020-04-30,0.0523029382094928,-0.0173820233285049,0.0935803541465148,0.126983511154157,53.54,2020-03-31,alto,alto
2020-05,2020-05-29,27.51,1721.44,643.63,1131.7,278.9302619948,2020-05-29,2020-05-29,2020-05-29,2020-05-29,2020-05-29,0.0444490286255141,-0.00127240282411367,0.0214359853784016,0.0476452767833728,34.15,2020-04-30,alto,alto
2020-06,2020-06-30,30.43,1739.4,635.67,1145.44,283.8843194798,2020-06-30,2020-06-30,2020-06-30,2020-06-30,2020-06-30,0.0104331257551817,-0.0123673539145162,0.01214102677388,0.0177609179067575,27.51,2020-05-29,bajo,alto
2020-07,2020-07-31,24.46,1810.74,643.7,1186.93,300.6028927115,2020-07-31,2020-07-31,2020-07-31,2020-07-31,2020-07-31,0.0410141428078648,0.0126323406799127,0.0362218885319179,0.0588922039172002,30.43,2020-06-30,alto,alto
2020-08,2020-08-31,26.41,1847.36,644.11,1271.38,321.5839656164,2020-08-31,2020-08-31,2020-08-31,2020-08-31,2020-08-31,0.0202237759148194,0.000636942675159125,0.0711499414455781,0.0697966433910413,24.46,2020-07-31,bajo,bajo
2020-09,2020-09-30,26.37,1867.03,654.1,1203.73,309.557269552,2020-09-30,2020-09-30,2020-09-30,2020-09-30,2020-09-30,0.0106476268837694,0.0155097731753893,-0.0532098979062122,-0.0373983075970461,26.41,2020-08-31,bajo,alto
2020-10,2020-10-30,38.02,1812.09,652.81,1197.24,301.8389047136,2020-10-30,2020-10-30,2020-10-30,2020-10-30,2020-10-30,-0.0294264152156098,-0.00197217550833217,-0.00539157452252581,-0.024933560273258,26.37,2020-09-30,bajo,alto
2020-11,2020-11-30,20.57,1972.7,667.9,1268.55,334.6719968169,2020-11-30,2020-11-30,2020-11-30,2020-11-30,2020-11-30,0.0886324630675077,0.0231154547264902,0.0595619925829407,0.108776872664754,38.02,2020-10-30,alto,alto
2020-12,2020-12-31,22.75,2016.7,676.18,1307.38,347.0769480241,2020-12-31,2020-12-31,2020-12-31,2020-12-31,2020-12-31,0.0223044558219698,0.0123970654289565,0.0306097512908441,0.0370659969318758,20.57,2020-11-30,bajo,bajo
2021-01,2021-01-29,33.09,2021.54,683.08,1294.71,343.5400827947,2021-01-29,2021-01-29,2021-01-29,2021-01-29,2021-01-29,0.00239996033123413,0.0102043834481944,-0.00969113800119326,-0.0101904354338,22.75,2020-12-31,bajo,bajo
2021-02,2021-02-26,27.95,2050.23,681.43,1319.52,353.0924038473,2021-02-26,2021-02-26,2021-02-26,2021-02-26,2021-02-26,0.0141921505386982,-0.00241552965977643,0.0191625923952081,0.027805550301123,33.09,2021-01-29,alto,alto
2021-03,2021-03-31,19.4,2137.62,692.3,1352.13,369.1245787063,2021-03-31,2021-03-31,2021-03-31,2021-03-31,2021-03-31,0.0426244860332743,0.0159517485288292,0.024713532193525,0.0454050403925805,27.95,2021-02-26,bajo,alto
2021-04,2021-04-30,18.61,2158.89,672,1421.56,388.6551275304,2021-04-30,2021-04-30,2021-04-30,2021-04-30,2021-04-30,0.00995031857860607,-0.0293225480283114,0.05134861292923,0.0529104534099309,19.4,2021-03-31,bajo,bajo
2021-05,2021-05-28,16.76,2205.5,681.05,1417.55,391.2070447349,2021-05-28,2021-05-28,2021-05-28,2021-05-28,2021-05-28,0.0215897984612463,0.0134672619047618,-0.00282084470581612,0.00656601965015979,18.61,2021-04-30,bajo,bajo
2021-06,2021-06-30,15.83,2254.16,683.34,1440.3,399.9985366456,2021-06-30,2021-06-30,2021-06-30,2021-06-30,2021-06-30,0.0220630242575379,0.0033624550326703,0.0160488166202251,0.0224727341417317,16.76,2021-05-28,bajo,bajo
2021-07,2021-07-30,18.24,2278.46,675.91,1468.32,409.7634871384,2021-07-30,2021-07-30,2021-07-30,2021-07-30,2021-07-30,0.0107800688504809,-0.0108730646530278,0.0194542803582587,0.0244124655422222,15.83,2021-06-30,bajo,bajo
2021-08,2021-08-31,16.48,2325.11,680.93,1501.39,421.9579946916,2021-08-31,2021-08-31,2021-08-31,2021-08-31,2021-08-31,0.020474355485723,0.00742702430796993,0.0225223384548328,0.0297598686460836,18.24,2021-07-30,bajo,bajo
2021-09,2021-09-30,23.14,2296.17,684.12,1435.23,402.305168097,2021-09-30,2021-09-30,2021-09-30,2021-09-30,2021-09-30,-0.0124467229507421,0.00468476935955242,-0.0440658323287088,-0.0465753151779097,16.48,2021-08-31,bajo,bajo
2021-10,2021-10-29,16.26,2401.2,686.62,1513.33,430.532340142,2021-10-29,2021-10-29,2021-10-29,2021-10-29,2021-10-29,0.0457413867440128,0.00365432964976908,0.0544163653212377,0.070163582979859,23.14,2021-09-30,bajo,bajo
2021-11,2021-11-30,27.19,2368.66,672.17,1511.99,427.0730819273,2021-11-30,2021-11-30,2021-11-30,2021-11-30,2021-11-30,-0.0135515575545561,-0.0210451195712331,-0.000885464505428368,-0.00803483941196859,16.26,2021-10-29,bajo,bajo
2021-12,2021-12-31,17.22,2456.08,683.65,1547.06,446.8444096561,2021-12-31,2021-12-31,2021-12-31,2021-12-31,2021-12-31,0.0369069431661784,0.0170790127497509,0.0231945978478694,0.0462949517669804,27.19,2021-11-30,bajo,alto
2022-01,2022-01-31,24.83,2397.86,691.43,1457.73,423.2772619766,2022-01-31,2022-01-31,2022-01-31,2022-01-31,2022-01-31,-0.0237044395948014,0.0113800921524172,-0.0577417811849572,-0.052741283476362,17.22,2021-12-31,bajo,bajo
2022-02,2022-02-28,30.15,2402.78,699.05,1398.55,410.7833808913,2022-02-28,2022-02-28,2022-02-28,2022-02-28,2022-02-28,0.00205182954801364,0.0110206383871108,-0.0405973671393194,-0.0295170145142138,24.83,2022-01-31,bajo,bajo
2022-03,2022-03-31,20.56,2498.24,707.86,1425.63,426.21058511,2022-03-31,2022-03-31,2022-03-31,2022-03-31,2022-03-31,0.0397289805974743,0.0126028181102926,0.0193629115870009,0.0375555704936912,30.15,2022-02-28,alto,alto
2022-04,2022-04-29,33.4,2393.8,704.33,1333.49,388.8024999232,2022-04-29,2022-04-29,2022-04-29,2022-04-29,2022-04-29,-0.0418054310234404,-0.00498686180883223,-0.0646310753842162,-0.0877690195731423,20.56,2022-03-31,bajo,bajo
2022-05,2022-05-31,26.19,2351.17,674.63,1358.33,389.6801366342,2022-05-31,2022-05-31,2022-05-31,2022-05-31,2022-05-31,-0.0178085053053723,-0.0421677338747463,0.01862781123218,0.00225728155341942,33.4,2022-04-29,alto,alto
2022-06,2022-06-30,28.71,2277.29,695.31,1238.85,357.543498354,2022-06-30,2022-06-30,2022-06-30,2022-06-30,2022-06-30,-0.0314226534023486,0.0306538398826022,-0.0879609520514161,-0.082469274820562,26.19,2022-05-31,bajo,alto
2022-07,2022-07-29,21.33,2356.1,691.23,1334.1,390.4687763734,2022-07-29,2022-07-29,2022-07-29,2022-07-29,2022-07-29,0.0346069231411019,-0.00586788626655721,0.0768858215280301,0.0920874751491103,28.71,2022-06-30,bajo,alto
2022-08,2022-08-31,25.87,2255.35,660.26,1305.68,374.536884505,2022-08-31,2022-08-31,2022-08-31,2022-08-31,2022-08-31,-0.0427613428971606,-0.0448041896329732,-0.0213027509182219,-0.0408019612128078,21.33,2022-07-29,bajo,bajo
2022-09,2022-09-30,31.62,2122.15,642.33,1225.15,339.9235382673,2022-09-30,2022-09-30,2022-09-30,2022-09-30,2022-09-30,-0.0590595694681534,-0.0271559688607518,-0.0616766742233932,-0.0924163885312553,25.87,2022-08-31,bajo,alto
2022-10,2022-10-31,25.88,2218.93,657.12,1265.71,367.5510098947,2022-10-31,2022-10-31,2022-10-31,2022-10-31,2022-10-31,0.0456046933534386,0.0230255476157115,0.0331061502673142,0.0812755473428706,31.62,2022-09-30,alto,alto
2022-11,2022-11-30,20.58,2277.8,659.7,1325.2,387.9837283185,2022-11-30,2022-11-30,2022-11-30,2022-11-30,2022-11-30,0.0265308053881828,0.00392622352081817,0.0470012878147443,0.0555915175682795,25.88,2022-10-31,bajo,alto
2022-12,2022-12-30,21.67,2267.98,676.27,1240.66,365.645252784,2022-12-30,2022-12-30,2022-12-30,2022-12-30,2022-12-30,-0.00431117745192733,0.0251174776413521,-0.0637941442801087,-0.057575805127998,20.58,2022-11-30,bajo,bajo
2023-01,2023-01-31,19.4,2349.59,677.78,1307.12,388.6397049176,2023-01-31,2023-01-31,2023-01-31,2023-01-31,2023-01-31,0.0359835624652776,0.00223283599745661,0.0535682620540678,0.0628873257850928,21.67,2022-12-30,bajo,bajo
2023-02,2023-02-28,20.7,2350.82,698.91,1273.65,378.8682578986,2023-02-28,2023-02-28,2023-02-28,2023-02-28,2023-02-28,0.000523495588591993,0.0311753076219423,-0.0256059122345307,-0.0251426884473159,19.4,2023-01-31,bajo,bajo
2023-03,2023-03-31,18.7,2421.18,707.04,1298.03,392.9337203794,2023-03-31,2023-03-31,2023-03-31,2023-03-31,2023-03-31,0.0299299818786636,0.0116323990213332,0.0191418364542848,0.0371249430047647,20.7,2023-02-28,bajo,bajo
2023-04,2023-04-28,15.78,2455.2,719.24,1313.68,399.2108315235,2023-04-28,2023-04-28,2023-04-28,2023-04-28,2023-04-28,0.0140509999256562,0.0172550350758092,0.0120567321248355,0.0159749871760539,18.7,2023-03-31,bajo,bajo
2023-05,2023-05-31,17.94,2490.67,731.13,1314.62,401.0536531438,2023-05-31,2023-05-31,2023-05-31,2023-05-31,2023-05-31,0.0144468882372109,0.0165313386352262,0.000715547165215158,0.00461616137334553,15.78,2023-04-28,bajo,bajo
2023-06,2023-06-30,13.59,2552.28,712.77,1394.89,427.0476200424,2023-06-30,2023-06-30,2023-06-30,2023-06-30,2023-06-30,0.0247363159310547,-0.0251118132206311,0.0610594696566309,0.064814188063959,17.94,2023-05-31,bajo,bajo
2023-07,2023-07-31,13.63,2592.87,720.5,1436.66,441.0262813103,2023-07-31,2023-07-31,2023-07-31,2023-07-31,2023-07-31,0.0159034275236258,0.0108450131178361,0.0299450135853006,0.0327332611443008,13.59,2023-06-30,bajo,bajo
2023-08,2023-08-31,13.57,2532.05,702.34,1407.74,433.8587251536,2023-08-31,2023-08-31,2023-08-31,2023-08-31,2023-08-31,-0.0234566329974121,-0.025204718945177,-0.0201300238052149,-0.0162519932721583,13.63,2023-07-31,bajo,bajo
2023-09,2023-09-29,17.52,2479.18,704.47,1348.89,413.2967305907,2023-09-29,2023-09-29,2023-09-29,2023-09-29,2023-09-29,-0.0208803143697796,0.00303271919583104,-0.0418045945984343,-0.04739329503082,13.57,2023-08-31,bajo,bajo
2023-10,2023-10-31,18.14,2482.46,716.47,1304.92,404.3246297675,2023-10-31,2023-10-31,2023-10-31,2023-10-31,2023-10-31,0.0013230180946926,0.0170340823597883,-0.0325971724899733,-0.0217086179471507,17.52,2023-09-29,bajo,bajo
2023-11,2023-11-30,12.92,2557.14,701.02,1417.01,441.2571999663,2023-11-30,2023-11-30,2023-11-30,2023-11-30,2023-11-30,0.030083062768383,-0.0215640571133474,0.0858979860834379,0.0913438546151328,18.14,2023-10-31,bajo,bajo
2023-12,2023-12-29,12.45,2592.76,693.91,1478.45,461.4061014052,2023-12-29,2023-12-29,2023-12-29,2023-12-29,2023-12-29,0.0139296245023739,-0.0101423639839092,0.0433589036068907,0.04566248763859,12.92,2023-11-30,bajo,bajo
2024-01,2024-01-31,14.35,2629.72,704.48,1500.59,468.7546616872,2024-01-31,2024-01-31,2024-01-31,2024-01-31,2024-01-31,0.0142550795291503,0.0152325229496622,0.0149751428861307,0.0159264480023567,12.45,2023-12-29,bajo,bajo
2024-02,2024-02-29,13.4,2673.17,687.92,1577.14,493.2175043697,2024-02-29,2024-02-29,2024-02-29,2024-02-29,2024-02-29,0.0165226716152291,-0.0235066999772883,0.0510132681145417,0.0521868787276702,14.35,2024-01-31,bajo,bajo
2024-03,2024-03-28,13.01,2722.64,696.18,1622.74,509.3575022438,2024-03-28,2024-03-28,2024-03-28,2024-03-28,2024-03-28,0.0185061182042294,0.012007210140714,0.0289130958570576,0.0327238950992339,13.4,2024-02-29,bajo,bajo
2024-04,2024-04-30,15.65,2701.79,710.74,1550.24,488.8203853716,2024-04-30,2024-04-30,2024-04-30,2024-04-30,2024-04-30,-0.0076580084036082,0.0209141314027983,-0.0446775207365321,-0.040319651289577,13.01,2024-03-28,bajo,bajo
2024-05,2024-05-31,12.92,2741.13,693.44,1623.86,513.5447759541,2024-05-31,2024-05-31,2024-05-31,2024-05-31,2024-05-31,0.0145607171541831,-0.0243408278695444,0.0474894209928785,0.0505797043707672,15.65,2024-04-30,bajo,bajo
2024-06,2024-06-28,12.44,2784.2,701.12,1678.75,531.6650443675,2024-06-28,2024-06-28,2024-06-28,2024-06-28,2024-06-28,0.0157124981303329,0.0110752191970465,0.0338021750643529,0.035284690375313,12.92,2024-05-31,bajo,bajo
2024-07,2024-07-31,16.36,2828.47,711.93,1694.8,538.1030154865,2024-07-31,2024-07-31,2024-07-31,2024-07-31,2024-07-31,0.0159004381869119,0.0154181880419899,0.00956068503350704,0.0121090735364389,12.44,2024-06-28,bajo,bajo
2024-08,2024-08-30,15,2895.99,720.55,1729.21,550.6761093107,2024-08-30,2024-08-30,2024-08-30,2024-08-30,2024-08-30,0.023871563071201,0.0121079319596027,0.0203032806230825,0.0233655888600302,16.36,2024-07-31,bajo,bajo
2024-09,2024-09-30,16.73,2939.43,731.29,1760.52,562.2453646183,2024-09-30,2024-09-30,2024-09-30,2024-09-30,2024-09-30,0.0150000517957589,0.0149052806883632,0.0181065341976971,0.0210091832785004,15,2024-08-30,bajo,bajo
2024-10,2024-10-31,23.16,2925.44,736.62,1749.24,557.2281165235,2024-10-31,2024-10-31,2024-10-31,2024-10-31,2024-10-31,-0.00475942614724612,0.00728849020224542,-0.00640719787335553,-0.00892359174576041,16.73,2024-09-30,bajo,bajo
2024-11,2024-11-29,13.51,3058.39,749.43,1830.19,590.4575858386,2024-11-29,2024-11-29,2024-11-29,2024-11-29,2024-11-29,0.0454461551082914,0.0173902419157774,0.0462772404015459,0.0596335115363811,23.16,2024-10-31,bajo,bajo
2024-12,2024-12-31,17.35,3055.4,764.3,1781.8,576.2277005713,2024-12-31,2024-12-31,2024-12-31,2024-12-31,2024-12-31,-0.000977638561465266,0.019841746393926,-0.0264398778268924,-0.0240997585746823,13.51,2024-11-29,bajo,bajo
2025-01,2025-01-31,16.43,3116.43,772.52,1825.05,591.7031032586,2025-01-31,2025-01-31,2025-01-31,2025-01-31,2025-01-31,0.0199744714276362,0.0107549391600157,0.0242732068694578,0.0268564018563442,17.35,2024-12-31,bajo,bajo
2025-02,2025-02-28,19.63,3117.24,777.64,1803.88,584.1915354993,2025-02-28,2025-02-28,2025-02-28,2025-02-28,2025-02-28,0.00025991278482107,0.00662766012530414,-0.0115996822004876,-0.012694825695408,16.43,2025-01-31,bajo,bajo
2025-03,2025-03-31,22.28,2969.26,739.66,1735.96,551.6398309809,2025-03-31,2025-03-31,2025-03-31,2025-03-31,2025-03-31,-0.0474714811820712,-0.0488400802427859,-0.0376521719848327,-0.0557209451701119,19.63,2025-02-28,bajo,bajo
2025-04,2025-04-30,24.7,2920.96,729.2,1713.94,546.8570261752,2025-04-30,2025-04-30,2025-04-30,2025-04-30,2025-04-30,-0.0162666792399454,-0.0141416326420246,-0.012684624069679,-0.00867015856559061,22.28,2025-03-31,bajo,bajo
2025-05,2025-05-30,18.57,2948.97,718.91,1815.54,581.2241906037,2025-05-30,2025-05-30,2025-05-30,2025-05-30,2025-05-30,0.00958931310254152,-0.01411135490949,0.0592786211886063,0.0628448804413635,24.7,2025-04-30,bajo,bajo
2025-06,2025-06-30,16.73,3043.44,723.14,1890.74,611.0954844284,2025-06-30,2025-06-30,2025-06-30,2025-06-30,2025-06-30,0.0320349138851872,0.00588390758231205,0.0414201835266643,0.0513937552972006,18.57,2025-05-30,bajo,bajo
2025-07,2025-07-31,16.72,3079.95,718.25,1928.41,625.1699179372,2025-07-31,2025-07-31,2025-07-31,2025-07-31,2025-07-31,0.0119962936676918,-0.00676217606549212,0.0199234162285666,0.0230314801327076,16.73,2025-06-30,bajo,bajo
2025-08,2025-08-29,15.36,3123.14,727.96,1960.63,637.9981261318,2025-08-29,2025-08-29,2025-08-29,2025-08-29,2025-08-29,0.0140229549180992,0.0135189697180649,0.0167080651936051,0.0205195544867669,16.72,2025-07-31,bajo,bajo
2025-09,2025-09-30,16.28,3182.24,735.93,2024.2,660.7149899586,2025-09-30,2025-09-30,2025-09-30,2025-09-30,2025-09-30,0.0189232631262126,0.0109484037584482,0.0324232517099095,0.0356064742141688,15.36,2025-08-29,bajo,bajo
2025-10,2025-10-31,17.44,3252.47,743.58,2052.19,676.4647183211,2025-10-31,2025-10-31,2025-10-31,2025-10-31,2025-10-31,0.0220693599477098,0.0103950103950106,0.0138276850113626,0.0238374013029232,16.28,2025-09-30,bajo,bajo
2025-11,2025-11-28,16.35,3299.88,750.01,2042.13,677.7838076613,2025-11-28,2025-11-28,2025-11-28,2025-11-28,2025-11-28,0.0145766140809909,0.0086473546894752,-0.00490208021674399,0.00194997507552763,17.44,2025-10-31,bajo,bajo
2025-12,2025-12-31,14.95,3336.14,767.1,2037.06,678.3067456674,2025-12-31,2025-12-31,2025-12-31,2025-12-31,2025-12-31,0.0109882783616373,0.0227863628484954,-0.00248270188479682,0.000771541013799837,16.35,2025-11-28,bajo,bajo
